model,k,L,samples,mean_winding,var_winding,mean_raw_steps,mean_lerw_steps,mean_hit_x,mean_hit_y,mean_hit_x_over_L,mean_hit_y_over_L
gamma,0.5,16,300,-0.01,1.3744816053511706,137.13,36.723333333333336,10.803333333333333,10.786666666666667,0.6752083333333333,0.6741666666666667
gamma,0.5,32,300,-0.04666666666666667,1.549654403567447,306.6433333333333,79.23,24.24,24.496666666666666,0.7575,0.7655208333333333
gamma,0.5,64,300,0.07666666666666666,1.422196209587514,639.07,167.69666666666666,53.89,52.56,0.84203125,0.82125
gamma,0.5,128,300,-0.023333333333333334,1.3272129319955408,1380.51,352.19666666666666,111.88666666666667,113.34333333333333,0.8741145833333334,0.8854947916666667
gamma,0.5,256,300,0,1.6923076923076923,2867.74,734.8133333333334,232.02666666666667,236.64666666666668,0.9063541666666667,0.9244010416666667
gamma,1.0,16,300,-0.08333333333333333,1.7689520624303232,179.46,38.193333333333335,8.89,9.25,0.555625,0.578125
gamma,1.0,32,300,0,1.959866220735786,480.42,85.26666666666667,22.64,22.42,0.7075,0.700625
gamma,1.0,64,300,-0.07,2.1589632107023413,1078.88,183.2,50.92333333333333,49.00333333333333,0.7956770833333333,0.7656770833333333
gamma,1.0,128,300,0.03666666666666667,2.2294202898550726,2275.173333333333,393.93333333333334,110.27666666666667,107.27666666666667,0.8615364583333334,0.8380989583333334
gamma,1.0,256,300,0.016666666666666666,1.8893534002229655,4665.93,813.7166666666667,226.21666666666667,227.29333333333332,0.8836588541666667,0.8878645833333333
gamma,10.0,16,300,0.07666666666666666,2.0242028985507248,308.3466666666667,41.77333333333333,0.8866666666666667,2.453333333333333,0.05541666666666667,0.15333333333333332
gamma,10.0,32,300,-0.056666666666666664,2.628885172798216,1149.7466666666667,99.44,8.393333333333333,7.906666666666666,0.26229166666666665,0.24708333333333332
gamma,10.0,64,300,0.04666666666666667,3.476075808249721,4432.4366666666665,232.57,25.203333333333333,23.653333333333332,0.39380208333333333,0.3695833333333333
gamma,10.0,128,300,-0.04666666666666667,3.2687179487179487,12978.946666666667,515.3533333333334,66.25,84.98333333333333,0.517578125,0.6639322916666667
gamma,10.0,256,300,0,3.5652173913043477,29721.74,1144.5333333333333,171.30666666666667,187.02666666666667,0.6691666666666667,0.7305729166666667
gamma,2.0,16,300,0.006666666666666667,1.7056410256410257,246.88666666666666,40.52,5.97,7.963333333333333,0.373125,0.4977083333333333
gamma,2.0,32,300,0.03666666666666667,2.316376811594203,746.18,89.18666666666667,18.68,20.28,0.58375,0.63375
gamma,2.0,64,300,-0.02666666666666667,2.126376811594203,1708.1866666666667,200.06,44.406666666666666,48.74,0.6938541666666667,0.7615625
gamma,2.0,128,300,-0.043333333333333335,2.0148383500557414,3729.4333333333334,418.9066666666667,104.22,97.6,0.81421875,0.7625
gamma,2.0,256,300,0.03666666666666667,2.4033333333333333,8177.723333333333,915.9633333333334,215.55666666666667,218.28666666666666,0.8420182291666667,0.8526822916666666
gamma,20.0,16,300,-0.10333333333333333,1.8722296544035675,312.28333333333336,40.47,1.45,0.18,0.090625,0.01125
gamma,20.0,32,300,-0.0033333333333333335,2.130423634336678,1300.89,97.25,4.46,3.9366666666666665,0.139375,0.12302083333333333
gamma,20.0,64,300,-0.09,2.9718060200668894,4529.816666666667,229.94333333333333,14.163333333333334,16.373333333333335,0.22130208333333334,0.25583333333333336
gamma,20.0,128,300,0.07333333333333333,3.178550724637681,15618.573333333334,543.9133333333333,52.22,57.153333333333336,0.40796875,0.4465104166666667
gamma,20.0,256,300,-0.12333333333333334,3.5265440356744704,45946.03666666667,1189.1766666666667,149.52333333333334,162.68666666666667,0.5840755208333334,0.6354947916666667
gamma,5.0,16,300,0.10666666666666667,1.9685172798216277,298.9066666666667,41.17333333333333,4.363333333333333,3.683333333333333,0.27270833333333333,0.23020833333333332
gamma,5.0,32,300,0.09,2.423311036789298,1038.5266666666666,95.13333333333334,11.656666666666666,12.836666666666666,0.3642708333333333,0.4011458333333333
gamma,5.0,64,300,0.05333333333333334,2.652664437012263,3204.74,221.73333333333332,34.64,37.166666666666664,0.54125,0.5807291666666666
gamma,5.0,128,300,-0.09,3.493545150501672,7722.846666666666,489.92,87,90.93333333333334,0.6796875,0.7104166666666667
gamma,5.0,256,300,-0.18666666666666668,3.0620289855072462,16932.68,1052.8466666666666,200.96666666666667,195.67333333333335,0.7850260416666667,0.7643489583333334
gamma4,0.5,16,300,0.023333333333333334,2.0696878483835004,484.7733333333333,42.16,0.36666666666666664,0.013333333333333334,0.022916666666666665,0.0008333333333333334
gamma4,0.5,32,300,-0.17333333333333334,2.123701226309922,2058.5666666666666,102.22666666666667,0.8033333333333333,-1.5033333333333334,0.025104166666666667,-0.04697916666666667
gamma4,0.5,64,300,-0.04,3.008428093645485,8411.853333333333,237.18,-2.78,-1.0733333333333333,-0.0434375,-0.016770833333333332
gamma4,0.5,128,300,-0.02,4.113311036789297,39459.32666666667,577.44,2.38,6.98,0.01859375,0.05453125
gamma4,0.5,256,300,0.18333333333333332,4.210423634336678,145952.83666666667,1395.7633333333333,-18.083333333333332,1.04,-0.07063802083333333,0.0040625
gamma4,1.0,16,300,-0.10333333333333333,2.4876142697881827,369.24333333333334,40.403333333333336,-0.17333333333333334,0.42333333333333334,-0.010833333333333334,0.026458333333333334
gamma4,1.0,32,300,-0.09666666666666666,2.662865105908584,1474.77,99.97,-1.9733333333333334,-3.5233333333333334,-0.06166666666666667,-0.11010416666666667
gamma4,1.0,64,300,-0.03333333333333333,3.0156075808249723,5782.373333333333,235.07333333333332,-3.183333333333333,3.75,-0.04973958333333333,0.05859375
gamma4,1.0,128,300,-0.0033333333333333335,3.4615273132664437,24993.846666666668,562.46,5.42,3.3066666666666666,0.04234375,0.025833333333333333
gamma4,1.0,256,300,0.023333333333333334,4.2703567447045705,93050.66333333333,1340.1233333333332,-5.07,3.92,-0.0198046875,0.0153125
gamma4,10.0,16,300,-0.016666666666666666,1.8291527313266445,296.61,40.943333333333335,0.056666666666666664,0.2,0.0035416666666666665,0.0125
gamma4,10.0,32,300,-0.11,2.546387959866221,1188.4633333333334,96.41,2.0766666666666667,0.4866666666666667,0.06489583333333333,0.015208333333333334
gamma4,10.0,64,300,0.07666666666666666,2.2716945373467112,5091.126666666667,224.70666666666668,-1.9066666666666667,-1.82,-0.029791666666666668,-0.0284375
gamma4,10.0,128,300,0.07333333333333333,3.6133333333333333,19072.546666666665,543.4066666666666,0.4,0.35333333333333333,0.003125,0.0027604166666666667
gamma4,10.0,256,300,-0.19666666666666666,4.272229654403567,75552.29666666666,1341.3433333333332,15.45,-7.093333333333334,0.0603515625,-0.027708333333333335
gamma4,2.0,16,300,-0.0033333333333333335,1.9498216276477145,335.2033333333333,41.87,-0.89,-1.3,-0.055625,-0.08125
gamma4,2.0,32,300,-0.09,2.510267558528428,1305.0466666666666,98.25333333333333,0.8766666666666667,-0.45,0.027395833333333335,-0.0140625
gamma4,2.0,64,300,0.07666666666666666,2.632898550724638,5114.93,231.68333333333334,-1.21,1.8733333333333333,-0.01890625,0.029270833333333333
gamma4,2.0,128,300,-0.013333333333333334,3.9998216276477145,21040.256666666668,565.21,-6.433333333333334,0.48333333333333334,-0.05026041666666667,0.0037760416666666667
gamma4,2.0,256,300,-0.056666666666666664,4.461661092530658,87707.49666666667,1309.8966666666668,-11.69,-1.72,-0.0456640625,-0.00671875
gamma4,20.0,16,300,-0.043333333333333335,1.9145039018952061,304.01,41.03666666666667,-0.16666666666666666,-1.21,-0.010416666666666666,-0.075625
gamma4,20.0,32,300,-0.03,2.450602006688963,1168.09,96.16333333333333,-0.20333333333333334,-0.6,-0.006354166666666667,-0.01875
gamma4,20.0,64,300,0.043333333333333335,2.911159420289855,5096.116666666667,236.28333333333333,-0.44333333333333336,-0.38666666666666666,-0.006927083333333334,-0.0060416666666666665
gamma4,20.0,128,300,0.09333333333333334,3.6300557413600893,19741.076666666668,555.41,-2.7733333333333334,12.21,-0.021666666666666667,0.095390625
gamma4,20.0,256,300,0.006666666666666667,4.187246376811594,77526.56,1304.4,-1.1533333333333333,10.086666666666666,-0.004505208333333333,0.039401041666666664
gamma4,5.0,16,300,-0.05333333333333334,2.010523968784838,331.72,40.07333333333333,0.04,-0.05333333333333334,0.0025,-0.0033333333333333335
gamma4,5.0,32,300,0.13333333333333333,2.550724637681159,1282.64,99.80666666666667,-0.4633333333333333,-2.0166666666666666,-0.014479166666666666,-0.06302083333333333
gamma4,5.0,64,300,0.12,2.8751839464882942,4884.61,225.95,1.9566666666666668,3.92,0.03057291666666667,0.06125
gamma4,5.0,128,300,0.0033333333333333335,3.3411259754738016,21690.59,558.91,-1.1466666666666667,0.59,-0.008958333333333334,0.004609375
gamma4,5.0,256,300,0.0033333333333333335,4.16386845039019,75187.56,1326.52,8.486666666666666,14.38,0.033151041666666665,0.056171875
symmetric,None,16,300,-0.17333333333333334,1.6755406911928652,297.5233333333333,40.95666666666666,-0.98,0.9166666666666666,-0.06125,0.057291666666666664
symmetric,None,32,300,-0.1,2.68561872909699,1250.8633333333332,100.47,-1.08,0.81,-0.03375,0.0253125
symmetric,None,64,300,0.12666666666666668,2.726376811594203,4716.98,223.95333333333335,4.246666666666667,1.8933333333333333,0.06635416666666667,0.029583333333333333
symmetric,None,128,300,-0.16333333333333333,3.976577480490524,19053.306666666667,562.98,-5.666666666666667,-2.1133333333333333,-0.044270833333333336,-0.016510416666666666
symmetric,None,256,300,0.05333333333333334,4.171059085841694,78742.28,1342.4333333333334,-13.956666666666667,2.57,-0.05451822916666667,0.0100390625
