campaign,model,component,method,common_log2_coefficient,coefficient_low,coefficient_high,coefficient_positive_fraction,delta_bic_log_minus_quadratic,delta_bic_low,delta_bic_high,quadratic_bic_win_fraction,log_holdout_rmse,quadratic_holdout_rmse
original_min128,gamma,marginal,block_gls,0.2838625966,-0.01724254366,0.5787507026,0.96825,-0.1317237752,-3.556533876,10.765154,0.4816,0.9111474663,0.7195029456
original_min128,gamma,conditional,block_gls,-0.1993783228,-0.4947238003,0.09192369227,0.09185,-1.855770576,-3.577391179,7.05424203,0.28925,0.4865128095,0.5133768342
original_min128,gamma,disorder,block_gls,0.501940187,0.2022424298,0.8070043043,0.99945,6.927583793,-1.877087292,23.58688198,0.91065,1.03396335,0.6135024663
original_min128,uniform,marginal,block_gls,0.05835203704,-0.1905701483,0.2994621237,0.67195,-3.366843381,-3.58233811,2.2996403,0.0817,0.4140039444,0.4129515232
original_min128,uniform,conditional,block_gls,-0.003653881643,-0.353491313,0.3379639422,0.48545,-3.583089989,-3.582591273,1.46322751,0.05925,0.8307020901,0.8388697347
original_min128,uniform,disorder,block_gls,0.06787697226,-0.1677025566,0.3066633174,0.71075,-3.278370272,-3.582296844,2.740328681,0.0963,0.5801959238,0.6057157125
strong_min128,gamma,marginal,block_gls,0.5833038297,0.2506302476,0.9054091598,0.9996,8.440193202,-1.363708541,25.38582651,0.9405,0.9365547848,0.6699462603
strong_min128,gamma,conditional,block_gls,0.002343867784,-0.2824109328,0.2856566061,0.49575,-3.583258113,-3.582549303,1.403251044,0.05735,0.5710858516,0.581622866
strong_min128,gamma,disorder,block_gls,0.6077459567,0.2723445288,0.9425254425,0.9999,9.092875772,-1.037926254,26.90510068,0.95415,1.106045289,0.6377562124
strong_min128,uniform,marginal,block_gls,0.05825974683,-0.1914584384,0.2983211083,0.6662,-3.367365475,-3.582299629,2.233948554,0.08155,0.4167882464,0.4164770035
strong_min128,uniform,conditional,block_gls,-0.006679833838,-0.354474976,0.3321467815,0.4781,-3.58207863,-3.582547045,1.439674612,0.0581,0.8320019431,0.8395836147
strong_min128,uniform,disorder,block_gls,0.06914315477,-0.1723525873,0.307063763,0.71035,-3.265888361,-3.582123995,2.766789202,0.10015,0.5815122758,0.6074832511
weak_min128,gamma,marginal,block_gls,0.2418814164,-0.02247036344,0.5027584109,0.96415,-0.2839216538,-3.55655331,10.67172394,0.4563,0.71929334,0.782211898
weak_min128,gamma,conditional,block_gls,0.1854375428,-0.1428587364,0.5061146114,0.86245,-2.349862817,-3.580339386,5.606235599,0.2132,0.6056558672,0.5852960533
weak_min128,gamma,disorder,block_gls,0.08044919532,-0.1837301955,0.3461249136,0.7224,-3.227410987,-3.581992536,3.065483911,0.1032,0.7854288943,1.120832074
weak_min128,uniform,marginal,block_gls,0.05936280121,-0.1889372039,0.3014398941,0.67435,-3.359559011,-3.58232826,2.397028025,0.0829,0.4118851383,0.4093657713
weak_min128,uniform,conditional,block_gls,-0.004022747324,-0.3567150802,0.3374050201,0.48215,-3.583000813,-3.582432671,1.481425086,0.0579,0.8307817602,0.8369658465
weak_min128,uniform,disorder,block_gls,0.06810863089,-0.1728872424,0.3122492681,0.709,-3.278442579,-3.582251156,2.925876898,0.0968,0.5802307318,0.6070762124
symmetric_min128,gamma,marginal,block_gls,0.09523567145,-0.2137027467,0.3852669865,0.71905,-3.19555402,-3.582259969,2.872740618,0.0991,0.8426466456,0.8286879012
symmetric_min128,gamma,conditional,block_gls,-0.1523784939,-0.4723588805,0.1554298553,0.1598,-2.669431153,-3.58057881,5.207137703,0.1879,0.9263981997,1.375765399
symmetric_min128,gamma,disorder,block_gls,0.2559468538,-0.04008967098,0.5547194697,0.95465,-0.7739655874,-3.56947289,9.6137635,0.4126,1.155223178,1.348550799
symmetric_min128,uniform,marginal,block_gls,0.05918097096,-0.1894084387,0.3013166334,0.6739,-3.361035334,-3.582437233,2.331878712,0.08145,0.4152317772,0.4125937026
symmetric_min128,uniform,conditional,block_gls,-0.005195904884,-0.3520265119,0.3360566464,0.48065,-3.582653082,-3.582630894,1.385605746,0.05675,0.8315630542,0.8392117864
symmetric_min128,uniform,disorder,block_gls,0.06984199326,-0.1688440251,0.3082679698,0.7135,-3.26062044,-3.582043479,2.760408794,0.0963,0.5778082031,0.6027216958
original_min384,gamma,marginal,block_gls,0.6340659471,-0.9185707833,2.17386683,0.77945,-2.531714676,-3.176044988,4.419214739,0.16705,0.8016137613,1.341473851
original_min384,gamma,conditional,block_gls,-0.2947135826,-1.782530887,1.222658325,0.347,-3.029538663,-3.176911254,2.530714446,0.097,0.3393725828,1.23955502
original_min384,gamma,disorder,block_gls,0.9503042071,-0.6455733032,2.518784416,0.873,-1.814405274,-3.174351174,6.401805862,0.26835,0.7735785562,0.7177286344
original_min384,uniform,marginal,block_gls,0.02181775188,-1.130970671,1.209591338,0.5121,-3.176743263,-3.177061773,1.853652689,0.07365,0.6990143231,0.9970489177
original_min384,uniform,conditional,block_gls,-0.7037500425,-2.372746425,0.9638371572,0.20255,-2.500217097,-3.176169785,4.527270153,0.17405,1.036480027,1.134580496
original_min384,uniform,disorder,block_gls,0.6022995242,-0.5691052247,1.798331961,0.8431,-2.186464943,-3.175478306,5.661825551,0.2197,0.6678791665,0.6427362498
strong_min384,gamma,marginal,block_gls,0.5404955965,-1.187152898,2.200965114,0.7326,-2.790053061,-3.17674714,3.306457342,0.12675,0.479899517,1.020891674
strong_min384,gamma,conditional,block_gls,-0.1585696505,-1.626387176,1.275424643,0.4128,-3.132619377,-3.1770361,2.135804162,0.081,0.6595489155,0.9606098547
strong_min384,gamma,disorder,block_gls,0.9178505494,-0.8367880622,2.697560421,0.8458,-2.143761019,-3.175488602,5.75586338,0.2226,0.5389548516,0.4083679837
strong_min384,uniform,marginal,block_gls,0.01555290688,-1.178570724,1.201043043,0.50975,-3.177390901,-3.177032041,1.853328154,0.07575,0.7016785299,1.004394155
strong_min384,uniform,conditional,block_gls,-0.6706884645,-2.360672438,1.007247008,0.21335,-2.562859033,-3.176288365,4.477864673,0.16845,1.040083714,1.135334327
strong_min384,uniform,disorder,block_gls,0.6023547028,-0.5833119239,1.786258855,0.84415,-2.17539149,-3.175369915,5.64637478,0.22395,0.6655352768,0.6371054986
weak_min384,gamma,marginal,block_gls,-0.3568506026,-1.645095868,0.9303817214,0.29115,-2.883577254,-3.17654788,3.208218207,0.11685,0.5661132467,0.5406632514
weak_min384,gamma,conditional,block_gls,0.8557352883,-0.7202878083,2.437267159,0.85605,-2.021759541,-3.174822138,6.209242978,0.2401,0.8469865341,1.174754678
weak_min384,gamma,disorder,block_gls,-1.110980232,-2.441779348,0.239454136,0.0537,-0.5089862459,-3.163819651,9.715117292,0.43905,0.9895432355,1.205314518
weak_min384,uniform,marginal,block_gls,0.01191382185,-1.177296066,1.179116014,0.5001,-3.177660936,-3.17704635,1.919156284,0.07465,0.6958715655,0.9971298897
weak_min384,uniform,conditional,block_gls,-0.7024832422,-2.407791073,0.9443700919,0.2009,-2.495901004,-3.17604052,4.845713957,0.1771,1.039224647,1.137620194
weak_min384,uniform,disorder,block_gls,0.6050016153,-0.5682770277,1.801636178,0.84355,-2.165169571,-3.175469171,5.806145662,0.2222,0.6663522545,0.6400052652
symmetric_min384,gamma,marginal,block_gls,1.259475536,-0.2677696576,2.793233829,0.9454,-0.5964259795,-3.166200826,9.519754061,0.4279,0.7660129057,1.401266655
symmetric_min384,gamma,conditional,block_gls,2.600205662,1.056718878,4.13769629,0.99985,7.840250795,-1.358276253,24.72274234,0.93725,1.591268665,2.149333536
symmetric_min384,gamma,disorder,block_gls,-1.607686922,-3.142820917,-0.04565195448,0.022,0.9850913766,-3.126491055,12.73149525,0.59825,1.543672367,1.500963177
symmetric_min384,uniform,marginal,block_gls,0.04101947541,-1.136488249,1.216241796,0.5225,-3.1734216,-3.177171805,1.934604387,0.07405,0.6982363489,0.9870790118
symmetric_min384,uniform,conditional,block_gls,-0.6915778978,-2.349336445,0.9788402579,0.2066,-2.520145995,-3.176307586,4.414244769,0.16475,1.041209934,1.148709502
symmetric_min384,uniform,disorder,block_gls,0.6092454093,-0.5647895324,1.768462583,0.8415,-2.149444742,-3.175322576,5.501295629,0.2192,0.6667301214,0.6404442079
original_min512,gamma,marginal,block_gls,2.190141123,-0.6523706094,5.027972971,0.9336,-0.7658040019,-2.987572045,8.756830057,0.4032,1.104827909,1.428890497
original_min512,gamma,conditional,block_gls,0.4006896958,-2.377631356,3.131762251,0.6135,-2.914477903,-2.994552156,2.43812392,0.0945,0.6676213583,2.086572721
original_min512,gamma,disorder,block_gls,1.696989914,-1.326572525,4.69096209,0.86335,-1.75857313,-2.992841545,6.457730019,0.26875,0.9373535719,1.160809679
original_min512,uniform,marginal,block_gls,0.6091608033,-1.515281217,2.762400202,0.7166,-2.687402631,-2.99445168,3.407081045,0.12975,0.8326538346,1.003044408
original_min512,uniform,conditional,block_gls,-0.7682933418,-3.825021567,2.3246735,0.3171,-2.754541784,-2.994466037,3.093397126,0.1181,1.256367845,1.564096028
original_min512,uniform,disorder,block_gls,1.094022869,-1.06615703,3.265239769,0.83805,-2.007929693,-2.993053383,5.803555286,0.2313,0.7758180786,0.7827079664
strong_min512,gamma,marginal,block_gls,-1.122004153,-4.224523618,1.994870977,0.23915,-2.499433936,-2.993881896,4.091010208,0.15965,0.7728759917,0.9719372144
strong_min512,gamma,conditional,block_gls,-0.9939494191,-3.688553882,1.74553209,0.2393,-2.495533806,-2.993877628,3.920254233,0.1562,0.7348880138,0.7428838095
strong_min512,gamma,disorder,block_gls,0.3262526051,-3.003413722,3.573091297,0.57235,-2.957997695,-2.994721894,2.266925389,0.0904,1.072886298,1.204987046
strong_min512,uniform,marginal,block_gls,0.6443712362,-1.489977262,2.798365311,0.72755,-2.648381228,-2.994160968,3.634236681,0.1408,0.8243524178,0.9642998714
strong_min512,uniform,conditional,block_gls,-0.7359394901,-3.769498475,2.336152727,0.3251,-2.773348408,-2.994607377,3.013511047,0.11745,1.255568838,1.537947657
strong_min512,uniform,disorder,block_gls,1.065712268,-1.081041201,3.226794587,0.83155,-2.057625606,-2.993551021,5.604594124,0.22755,0.777629202,0.7848335019
weak_min512,gamma,marginal,block_gls,0.2990577652,-2.033026296,2.670575774,0.59355,-2.934132065,-2.994687731,2.384257769,0.09125,0.9704173227,1.04352945
weak_min512,gamma,conditional,block_gls,1.937461647,-0.8274043082,4.724593962,0.91415,-1.138749067,-2.989690713,8.046852309,0.3537,1.276266525,1.560383884
weak_min512,gamma,disorder,block_gls,-1.464249377,-3.929479604,1.017152374,0.12715,-1.636069155,-2.991804218,6.796265355,0.2828,1.028540021,2.036089374
weak_min512,uniform,marginal,block_gls,0.5950643607,-1.56716124,2.735609923,0.70645,-2.704701949,-2.994445167,3.247776751,0.1285,0.8213827548,1.006544481
weak_min512,uniform,conditional,block_gls,-0.7528476181,-3.797338528,2.278949023,0.32135,-2.764313048,-2.994704731,3.05947549,0.11835,1.253885774,1.549528128
weak_min512,uniform,disorder,block_gls,1.066193669,-1.112012944,3.206895963,0.82895,-2.059654145,-2.993332136,5.479912868,0.22665,0.7760545952,0.7797402566
symmetric_min512,gamma,marginal,block_gls,0.7886032682,-2.078322444,3.620335167,0.7043,-2.702414201,-2.994320541,3.31904602,0.1286,0.6539499252,2.765016451
symmetric_min512,gamma,conditional,block_gls,1.509284782,-1.248492034,4.213655281,0.86095,-1.830918626,-2.992570409,6.083143659,0.25515,1.030173422,2.838490261
symmetric_min512,gamma,disorder,block_gls,-0.9636359819,-3.735367249,1.863715779,0.24805,-2.543983001,-2.994054298,3.816424013,0.15205,1.308579607,1.284971936
symmetric_min512,uniform,marginal,block_gls,0.5856395655,-1.569402873,2.782933679,0.7078,-2.710646002,-2.99456476,3.55284185,0.12905,0.8205208148,0.9964381941
symmetric_min512,uniform,conditional,block_gls,-0.73632975,-3.778942644,2.298527029,0.3169,-2.771291671,-2.994461073,3.044791803,0.1156,1.25116476,1.531801674
symmetric_min512,uniform,disorder,block_gls,1.085103317,-1.057740039,3.23986572,0.84155,-2.018053839,-2.993114187,5.720080178,0.2372,0.7792369342,0.7874009131
