model,filter,cutoff,sizes,component,method,log_intercept,log_slope,quadratic_intercept,quadratic_log_slope,log2_coefficient,coefficient_low,coefficient_high,coefficient_positive_fraction,delta_bic,delta_bic_low,delta_bic_high,quadratic_bic_win_fraction,log_loocv_rmse,quadratic_loocv_rmse
kasteleyn_gamma,all,2,2;4;6;8;10;12;16;20,conditional,unweighted,0.06923431903774799,0.7367008896048295,-0.35159589806185465,1.274304961920748,-0.14464311678452146,-0.3794686494261029,0.08992711580904435,0.112,2.453652627505395,-2.0714746532873423,9.978870311311146,0.5106,0.17892121607964692,0.14522298541946568
kasteleyn_gamma,all,2,2;4;6;8;10;12;16;20,conditional,inverse_bootstrap_variance,0.014893386159117053,0.7789288305227249,-0.2826114319676949,1.179454581882097,-0.11735478719969136,-0.3147170060057058,0.08045159641664512,0.1212,1.5633920039518898,-2.0743086170922456,8.773971391802277,0.421,0.1607530150662296,0.1430848222421653
kasteleyn_gamma,all,2,2;4;6;8;10;12;16;20,disorder,unweighted,-0.06871170242953731,0.9889111034405987,0.3090188886901795,0.5063661345364359,0.12982938910844544,-0.5516641791877845,0.7852041294510061,0.5924,-0.6246930633056422,-2.0767736101398646,8.137950671878558,0.3394,0.2410686584185186,0.28300162478334406
kasteleyn_gamma,all,2,2;4;6;8;10;12;16;20,disorder,inverse_bootstrap_variance,-0.14661147826874465,1.0002765927114627,0.36287851036937324,0.355557300375817,0.18348061552694014,-0.3615769065814712,0.7341780717197214,0.707,0.6808404255799303,-2.0777340625586898,7.092398175389938,0.2974,0.23772232034257212,0.28669591286941815
kasteleyn_gamma,all,2,2;4;6;8;10;12;16;20,total,unweighted,0.0005226166082102879,1.7256119930454281,-0.042577009371674926,1.7806710964571844,-0.014813727676076317,-0.800682580161276,0.7136453394763319,0.435,-2.046252220484128,-2.0764828120005783,7.5480885636384265,0.3504,0.14496624754489146,0.25070868098479815
kasteleyn_gamma,all,2,2;4;6;8;10;12;16;20,total,inverse_bootstrap_variance,-0.07990935385542118,1.7607480580115011,0.10615849110280572,1.5218475967254383,0.0682676025763089,-0.5767668844533275,0.6715671397016159,0.5454,-1.5488678283224928,-2.0776120915721816,6.170782954204688,0.255,0.1575882837467113,0.2149382695028191
kasteleyn_gamma,all,4,4;6;8;10;12;16;20,conditional,unweighted,0.30656957339728835,0.6390238291504315,-0.3717249067028948,1.2926510723902442,-0.14863693394646696,-0.6352147962720125,0.34151344137221906,0.2812,-0.7866637164552621,-1.9433252489969284,6.6112022465615015,0.333,0.1506036674488182,0.2366477092473726
kasteleyn_gamma,all,4,4;6;8;10;12;16;20,conditional,inverse_bootstrap_variance,0.2152486525643559,0.6848107946059949,0.06481023134280124,0.8399956333910418,-0.03803450453243044,-0.4547057426267983,0.3879023177006824,0.4388,-1.8407434644767875,-1.944352028654148,5.338335574946651,0.2502,0.13166894542630758,0.22258502901636537
kasteleyn_gamma,all,4,4;6;8;10;12;16;20,disorder,unweighted,-0.38502595037806314,1.119092546576097,-0.7651357676322086,1.4853790773813025,-0.08329473327169555,-1.4613083423818947,1.2976639319648184,0.393,-1.7954485829669444,-1.9427237703915474,7.472299776979468,0.3614,0.20006370608935617,0.2657400716015093
kasteleyn_gamma,all,4,4;6;8;10;12;16;20,disorder,inverse_bootstrap_variance,-0.4252395492905476,1.1353904529208,-0.6834826823365125,1.4082352608835698,-0.0681111131424575,-1.1694525834264133,0.968480269106119,0.4246,-1.800549986124448,-1.9442168396978328,7.15113397459953,0.291,0.19188989223706748,0.260141181354552
kasteleyn_gamma,all,4,4;6;8;10;12;16;20,total,unweighted,-0.07845637698077257,1.7581163757265277,-1.1368606743351104,2.7780301497715527,-0.23193166721816386,-1.8424964246095183,1.3288500187758638,0.3416,-0.07202588396514287,-1.9422266646603845,8.095693871632852,0.4064,0.1584051401573835,0.25942218876744577
kasteleyn_gamma,all,4,4;6;8;10;12;16;20,total,inverse_bootstrap_variance,-0.22040428887157076,1.8274280975113464,-0.5620335802055573,2.1837685211786786,-0.08803701064797798,-1.3861936620093163,1.122155460505278,0.4224,-1.7180193822081797,-1.9442798578240907,7.30052465507744,0.2994,0.16927786125333022,0.3026002607257612
kasteleyn_gamma,all,6,6;8;10;12;16;20,conditional,unweighted,0.3260648979357241,0.6314245205388894,-2.360323039364563,2.9353977091902648,-0.4799490376724584,-1.4285279480676758,0.4720250832793625,0.1606,1.780858575231612,-1.7835907391832386,11.582903682539927,0.5046,0.1932091166375757,0.17692855591678355
kasteleyn_gamma,all,6,6;8;10;12;16;20,conditional,inverse_bootstrap_variance,0.1087005562550257,0.730816984279773,-2.046250450173623,2.6631067247819633,-0.42230286517735366,-1.2374056183233189,0.404306270146369,0.1614,2.3696093469810755,-1.787323517376678,11.441112876496023,0.4848,0.17752250398138414,0.15282676449433039
kasteleyn_gamma,all,6,6;8;10;12;16;20,disorder,unweighted,-0.35424166923594347,1.107092784667942,-1.585174927484707,2.1627992910314777,-0.21991806340868025,-2.926004854114712,2.450468248517503,0.3842,-1.5355394093862067,-1.788010391479568,9.947008909422234,0.425,0.23118001437558863,0.3667038378113237
kasteleyn_gamma,all,6,6;8;10;12;16;20,disorder,inverse_bootstrap_variance,-0.47241456990079506,1.155890289067893,-2.6680912188121804,3.1369817037437397,-0.435469826424245,-2.7528175894513285,1.7087440986376443,0.3134,-0.5361874046952906,-1.7886122884857167,9.580351096205577,0.3902,0.23373704836237205,0.3296332147424339
kasteleyn_gamma,all,6,6;8;10;12;16;20,total,unweighted,-0.02817677130021879,1.7385173052068312,-3.9454979668492562,5.098197000221732,-0.6998671010811367,-3.762315347581404,2.303935550925301,0.2896,3.803090123895789,-1.7864779696675972,11.847092967828342,0.5038,0.20771954404994575,0.19723172187975932
kasteleyn_gamma,all,6,6;8;10;12;16;20,total,inverse_bootstrap_variance,-0.3895635698282844,1.9004640364691465,-4.646263142891805,5.725780088285363,-0.8378180801043087,-3.454625342253956,1.6701539668447953,0.234,5.937583522280249,-1.788402956677338,11.791263998197703,0.4722,0.23122216150668357,0.17837184276410792
kasteleyn_gamma,all,8,8;10;12;16;20,conditional,unweighted,0.6823692658681493,0.4980711986966017,-2.5627778222305024,3.093415488061038,-0.5103474004472498,-2.3935481303730004,1.3456556986011714,0.296,-0.44893869629854777,-1.605376757900975,11.052455898632493,0.478,0.18014021108439068,0.30842324374348623
kasteleyn_gamma,all,8,8;10;12;16;20,conditional,inverse_bootstrap_variance,0.5570865333659776,0.5498273657429756,-0.56823408473945,1.4757619875803896,-0.18749231293903054,-1.8522616601262467,1.4934445723001804,0.412,-1.3471699323654,-1.606912720716339,11.009075928518701,0.4092,0.16005713129225244,0.2634349817657393
kasteleyn_gamma,all,8,8;10;12;16;20,disorder,unweighted,-0.13752981097348585,1.0259844717117712,-0.49668934271815757,1.3132265024668357,-0.056483151116314974,-5.105853425054583,5.1071900210523395,0.4496,-1.605320231186738,-1.6065778071229637,12.991593588780628,0.4674,0.28725401747295004,0.6685446549717701
kasteleyn_gamma,all,8,8;10;12;16;20,disorder,inverse_bootstrap_variance,-0.2236129510485552,1.0553315327635695,-5.857017965603461,5.713420048654244,-0.9481471793015679,-5.532506263903542,3.5738282646185233,0.312,-0.3362305453925778,-1.6064221685664855,12.911786680292888,0.467,0.30739250785603717,0.6159264675236678
kasteleyn_gamma,all,8,8;10;12;16;20,total,unweighted,0.5448394548946672,1.5240556704083716,-3.0594671649486345,4.406641990527854,-0.566830551563561,-6.384356749007126,5.225478437418125,0.3854,-0.3244989119814292,-1.6066546627890574,13.985075748135825,0.5222,0.17885231643111088,0.36986923490702633
kasteleyn_gamma,all,8,8;10;12;16;20,total,inverse_bootstrap_variance,0.27401607609670414,1.6328025517493914,-6.110881169510636,6.908194507979637,-1.0729287700786385,-6.313171605706857,4.034085569269391,0.3152,2.144195581787141,-1.6057053341962093,13.7761229746866,0.4952,0.2138997429903096,0.3605635298167134
