model,fraction_num,fraction_den,order,separation,n,mean_1,mean_2,marginal,marginal_low,marginal_high,conditional,conditional_low,conditional_high,disorder,disorder_low,disorder_high
gamma,1,32,32,2,6000,-0.02083333333,-0.013,0.3385049036,0.3294791503,0.347415844,0.2991025032,0.2882879518,0.3099802134,0.0394024004,0.03073344516,0.04832614602
gamma,1,32,64,4,6000,-0.01633333333,-0.008166666667,0.413318817,0.4030242276,0.4234478594,0.376279366,0.362832901,0.3897208035,0.03703945102,0.02641825929,0.04782143899
gamma,1,32,128,8,6000,-0.02166666667,-0.0055,0.4859144719,0.4738568702,0.4978004421,0.4458602962,0.4303881758,0.4615666309,0.0400541757,0.02737938337,0.05248430502
gamma,1,32,256,16,6000,-0.02216666667,-0.019,0.5434143885,0.5303695446,0.5567373371,0.5108301245,0.4930597752,0.5288048536,0.03258426404,0.01901513447,0.04665799508
gamma,1,32,512,32,5000,-0.0036,-0.0274,0.6106402681,0.5936459097,0.6274826505,0.5887345269,0.5658903206,0.6123045429,0.02190574115,0.00485984797,0.03887113823
gamma,1,32,768,48,4000,-0.00225,-0.00475,0.6501487247,0.6305234191,0.6699101158,0.6334052263,0.605810984,0.661647812,0.01674349837,-0.003519036009,0.03675924919
gamma,1,32,1024,64,3000,-0.021,-0.01766666667,0.672847727,0.6494323705,0.6962016075,0.640874736,0.6090726687,0.6723933881,0.031972991,0.007583702901,0.05617328554
gamma,1,32,1536,96,1600,-0.0025,0.0125,0.7216197624,0.685077099,0.7572290641,0.6671794872,0.6215028289,0.7127701835,0.05444027517,0.01866638329,0.09086854088
gamma,1,32,2048,128,1000,0.024,0.011,0.7619134134,0.7128007633,0.8093493493,0.7301456456,0.6631506507,0.7972904029,0.03176776777,-0.01660760761,0.07965675676
gamma,1,32,2560,160,400,0.005,-0.0725,0.69785401,0.6265613252,0.7694645207,0.6724279449,0.5848492325,0.7609066416,0.02542606516,-0.0350877193,0.08629088346
gamma,1,32,3072,192,300,-0.05333333333,-0.01666666667,0.7994370123,0.695148272,0.9050122631,0.7133723523,0.6002006689,0.8284117893,0.08606465998,-0.01172881828,0.1928762542
gamma,1,32,4096,256,150,0.01333333333,-0.01333333333,0.9662639821,0.8250559284,1.10382774,0.8452796421,0.6739373602,1.01836689,0.12098434,-0.01968680089,0.2691275168
gamma,1,32,5120,320,80,-0.025,0.0125,0.866693038,0.7074327532,1.005539953,0.8410601266,0.6063291139,1.078417722,0.02563291139,-0.1511115506,0.1949367089
gamma,1,32,6144,384,40,0.225,0.15,0.7958333333,0.5689102564,1.008974359,0.6766025641,0.45,0.8858974359,0.1192307692,-0.108974359,0.3608974359
gamma,1,16,32,4,6000,-0.02266666667,-0.03283333333,0.4246915458,0.4143393996,0.4351715057,0.3907634467,0.3770583431,0.4045075106,0.03392809913,0.02320450908,0.04475654067
gamma,1,16,64,8,6000,-0.0275,-0.0375,0.4866665278,0.4743573304,0.4989166399,0.4448574762,0.4291031064,0.4607930697,0.04180905151,0.02930241707,0.05410946408
gamma,1,16,128,16,6000,-0.014,-0.007166666667,0.5495512447,0.536122543,0.5627141788,0.5141456771,0.4965836754,0.5318087209,0.03540556759,0.02094383647,0.04951297438
gamma,1,16,256,32,6000,-0.02816666667,-0.01466666667,0.6011792938,0.586444257,0.6162270736,0.5612524171,0.5419494666,0.5803871965,0.0399268767,0.02473811469,0.05505950297
gamma,1,16,512,64,5000,-0.0504,-0.0512,0.6753542709,0.6573342388,0.6933438123,0.6433283457,0.6185091653,0.6687078571,0.03202592519,0.01328809262,0.0504034847
gamma,1,16,768,96,4000,0.00025,-0.0005,0.7178042948,0.6966620069,0.7384063852,0.689297043,0.660122018,0.7180088272,0.02850725181,0.007033738122,0.05027762097
gamma,1,16,1024,128,3000,-0.05,-0.04466666667,0.7593388907,0.7324008683,0.7851456166,0.7262278537,0.6915586307,0.7614539166,0.03311103701,0.006104529288,0.05985756085
gamma,1,16,1536,192,1600,0.005,-0.01375,0.8003932145,0.762891651,0.8380012752,0.7984482489,0.7450493668,0.8525317777,0.001944965604,-0.03700166119,0.04172952822
gamma,1,16,2048,256,1000,0.01,-0.03,0.8103103103,0.7588480105,0.8643386386,0.777977978,0.706143456,0.8528555931,0.03233233233,-0.02077297297,0.08377322322
gamma,1,16,2560,320,400,-0.0925,0.0625,0.8183145363,0.7330661028,0.9059454887,0.7373308271,0.637481203,0.8434132206,0.08098370927,0.0007496867168,0.1637203947
gamma,1,16,3072,384,300,-0.04666666667,-0.02666666667,0.9115942029,0.8109218227,1.010541249,0.78909699,0.6655512821,0.918460563,0.1224972129,0.02294230769,0.2189085842
gamma,1,16,4096,512,150,0,-0.08666666667,0.9593064877,0.7841817673,1.153243848,0.9056152125,0.687360179,1.139261745,0.05369127517,-0.1143668904,0.2383959732
gamma,1,16,5120,640,80,-0.0875,-0.2625,0.9359177215,0.7371835443,1.123028085,0.9338607595,0.6784810127,1.182832278,0.002056962025,-0.157278481,0.1606012658
gamma,1,16,6144,768,40,-0.1,-0.375,0.9868589744,0.6971153846,1.263461538,0.9227564103,0.6125,1.21025641,0.0641025641,-0.2282051282,0.3846153846
gamma,1,8,32,8,6000,-0.0645,-0.05366666667,0.4951456771,0.4832503226,0.5068565695,0.4632685309,0.4463218814,0.4801565778,0.03187714619,0.01907616408,0.04471348419
gamma,1,8,64,16,6000,-0.038,-0.0655,0.5563089265,0.5426356184,0.5699045535,0.5072897566,0.4893943435,0.5251676849,0.04901916986,0.03491531505,0.06351363977
gamma,1,8,128,32,6000,-0.06633333333,-0.03266666667,0.6123684503,0.5970002441,0.6280780321,0.5821969773,0.5617106368,0.6029256477,0.03017147302,0.01470806107,0.04555902303
gamma,1,8,256,64,6000,-0.04283333333,-0.04383333333,0.6790684836,0.662769406,0.6960913479,0.638105851,0.616020245,0.6613428849,0.04096263266,0.02385751445,0.05825609754
gamma,1,8,512,128,5000,-0.0478,-0.0528,0.7509138428,0.7299245749,0.7717991548,0.7160307061,0.6881421909,0.7448214318,0.03488313663,0.01378330266,0.0556679896
gamma,1,8,768,192,4000,-0.066,-0.05675,0.8032875406,0.7784110442,0.8279928295,0.7802772881,0.7462423801,0.8135458029,0.02301025256,-0.00159020849,0.04775495749
gamma,1,8,1024,256,3000,-0.04766666667,-0.04266666667,0.8317309659,0.8014084375,0.8622332097,0.7927517506,0.7538189674,0.833276959,0.03897921529,0.009396960098,0.06878773758
gamma,1,8,1536,384,1600,-0.04375,-0.05625,0.8792604753,0.8364689503,0.92226434,0.8323170732,0.7750283038,0.8900803481,0.04694340213,0.003572887351,0.08904560467
gamma,1,8,2048,512,1000,-0.001,-0.01,0.8853348348,0.8305979104,0.9397306682,0.8683278278,0.7908688689,0.9473007007,0.01700700701,-0.04004069069,0.07330633133
gamma,1,8,2560,640,400,0.0125,-0.015,0.8807612782,0.7981170896,0.9644500313,0.9106484962,0.7816318922,1.04408208,-0.02988721805,-0.1202008145,0.05733082707
gamma,1,8,3072,768,300,-0.006666666667,-0.1166666667,0.9112095875,0.8137474916,1.005129041,0.8919230769,0.7541804627,1.032648272,0.01928651059,-0.08013712375,0.1171950948
gamma,1,8,4096,1024,150,-0.14,-0.05333333333,0.8779642058,0.7337097315,1.026623602,0.8049440716,0.6197746085,1.008979306,0.07302013423,-0.07033557047,0.2212114094
gamma,1,8,5120,1280,80,0.0375,0.0125,1.049841772,0.7780775316,1.324287975,1.252848101,0.8410601266,1.686012658,-0.2030063291,-0.4515822785,0.03956487342
gamma,1,8,6144,1536,40,0.1,-0.175,0.6073717949,0.4676282051,0.7198717949,0.5381410256,0.3384615385,0.7278846154,0.06923076923,-0.1044871795,0.2416826923
gamma,1,4,32,16,6000,-0.1048333333,-0.1006666667,0.5564475051,0.543141244,0.5693548258,0.5168274574,0.4993065011,0.5347669983,0.03962004779,0.02596113102,0.05344828305
gamma,1,4,64,32,6000,-0.09433333333,-0.1191666667,0.6246377035,0.6092083514,0.6397135227,0.5868727982,0.5664157804,0.6074734442,0.03776490526,0.02256416069,0.05338666861
gamma,1,4,128,64,6000,-0.09966666667,-0.09116666667,0.6934098322,0.6758707566,0.7105638662,0.6466549842,0.6231319748,0.6692762405,0.04675484803,0.02920038548,0.06469836223
gamma,1,4,256,128,6000,-0.09866666667,-0.09966666667,0.7519577152,0.7331251045,0.7714628178,0.7161188531,0.6903616797,0.7421637384,0.03583886203,0.01694755237,0.05501978594
gamma,1,4,512,256,5000,-0.1008,-0.0988,0.8033996399,0.7805704101,0.825722379,0.786155231,0.7550990998,0.818030066,0.01724440888,-0.004931940388,0.03940477896
gamma,1,4,768,384,4000,-0.116,-0.1225,0.876988122,0.8503898068,0.9036874469,0.8386885471,0.803087103,0.8754142934,0.03829957489,0.01065724244,0.06607663166
gamma,1,4,1024,512,3000,-0.116,-0.1103333333,0.8843133822,0.8526996943,0.9155634642,0.8694404246,0.8249519465,0.9148053018,0.01487295765,-0.01739163054,0.04662632544
gamma,1,4,1536,768,1600,-0.098125,-0.144375,0.9072056754,0.8632610567,0.9509383746,0.8863594434,0.8254877072,0.9492113821,0.02084623202,-0.0262150172,0.06732043465
gamma,1,4,2048,1024,1000,-0.097,-0.138,0.9061796797,0.8517215215,0.9585740741,0.87053003,0.7972322948,0.9447469344,0.03564964965,-0.02075462963,0.09109617117
gamma,1,4,2560,1280,400,-0.0875,-0.0575,0.9619235589,0.8686484962,1.052821742,1.042155388,0.889406015,1.205641604,-0.08023182957,-0.1827587719,0.01720112782
gamma,1,4,3072,1536,300,-0.1266666667,-0.1733333333,0.9467781494,0.8299574972,1.063772436,0.925328874,0.769960981,1.086755853,0.02144927536,-0.09552006689,0.1397998885
gamma,1,4,4096,2048,150,-0.02666666667,-0.08666666667,1.046196868,0.891856264,1.197697427,0.9545637584,0.7214407159,1.197964206,0.09163310962,-0.08054809843,0.2577237136
gamma,1,4,5120,2560,80,-0.125,-0.025,0.9411392405,0.707590981,1.183150712,0.9443037975,0.5996736551,1.347389241,-0.003164556962,-0.2482634494,0.2199446203
gamma,1,4,6144,3072,40,0,-0.1,0.8923076923,0.608974359,1.162508013,0.6871794872,0.4612179487,0.8971153846,0.2051282051,-0.05322115385,0.4545032051
uniform,1,32,32,2,6000,-0.01333333333,-0.007833333333,0.3358530727,0.3270725815,0.3446880484,0.3396248125,0.3275822012,0.3520087074,-0.003771739734,-0.01218253737,0.004617436239
uniform,1,32,64,4,6000,-0.01633333333,-0.02016666667,0.4168160666,0.4065651942,0.427175233,0.4139783158,0.3998122465,0.4282366853,0.002837750736,-0.007545506195,0.0131953784
uniform,1,32,128,8,6000,-0.004833333333,-0.01533333333,0.4736997138,0.4620520892,0.4852656835,0.4754407818,0.4586523605,0.4918336615,-0.001741067956,-0.01349946727,0.009695164472
uniform,1,32,256,16,6000,-0.008833333333,-0.02283333333,0.5489584653,0.5352281925,0.5620817438,0.5511605268,0.5316129299,0.5704066487,-0.002202061455,-0.01616215411,0.0116443824
uniform,1,32,512,32,5000,-0.0288,-0.0272,0.6199393479,0.603030003,0.6370509737,0.607320184,0.5840361197,0.6308637487,0.01261916383,-0.004518641728,0.03012393479
uniform,1,32,768,48,4000,-0.017,-0.0255,0.6779498625,0.6571151968,0.6984204145,0.6783834709,0.6496340171,0.7090299137,-0.0004336084021,-0.02109355776,0.02036037291
uniform,1,32,1024,64,3000,-0.01666666667,-0.014,0.6853248861,0.6613123722,0.7093138227,0.6782225186,0.6444301934,0.7122110037,0.007102367456,-0.01708509503,0.03065461821
uniform,1,32,1536,96,1600,0.001875,-0.046875,0.7205999844,0.6869621785,0.7545432155,0.7230136023,0.6761668181,0.771556808,-0.002413617886,-0.03681589079,0.03194836617
uniform,1,32,2048,128,1000,-0.053,-0.016,0.7947622623,0.7461780656,0.8441064565,0.7645800801,0.6955106231,0.8331951952,0.03018218218,-0.02039094094,0.07890915916
uniform,1,32,2560,160,400,0.025,0.0675,0.7705858396,0.698730968,0.8412723997,0.7622525063,0.6646466165,0.8614598997,0.008333333333,-0.06359805764,0.08248887845
uniform,1,32,3072,192,300,-0.01,0.03666666667,0.7584726867,0.6755295429,0.83937068,0.8082720178,0.6755613155,0.9442612876,-0.0497993311,-0.141583612,0.03937541806
uniform,1,32,4096,256,150,-0.1133333333,-0.006666666667,0.8391498881,0.6872684564,0.9906963087,0.8063534676,0.6001118568,1.020052013,0.03279642058,-0.09664653244,0.163761745
uniform,1,32,5120,320,80,-0.025,-0.1,0.8680379747,0.6718117089,1.056257911,0.8579113924,0.5752373418,1.160696203,0.01012658228,-0.2025316456,0.2231012658
uniform,1,32,6144,384,40,0.05,0,0.8705128205,0.6192227564,1.088141026,0.8705128205,0.558974359,1.178205128,0,-0.2012820513,0.1980929487
uniform,1,16,32,4,6000,-0.02433333333,-0.02466666667,0.4236369951,0.4132233681,0.4340816021,0.4234038451,0.4080175081,0.4383227288,0.0002331499694,-0.01060033061,0.01131852531
uniform,1,16,64,8,6000,-0.031,-0.0185,0.4853459327,0.4734591595,0.4973171032,0.4942542507,0.4768251184,0.5114828843,-0.008908318053,-0.02099513877,0.0035823672
uniform,1,16,128,16,6000,-0.01883333333,-0.0305,0.5586172973,0.5448661315,0.5723218852,0.5668597544,0.5473744926,0.5866833865,-0.008242457076,-0.0223850489,0.005817536256
uniform,1,16,256,32,6000,-0.01066666667,-0.03266666667,0.6123449464,0.5972987192,0.6277748326,0.620528088,0.5983940091,0.6425223204,-0.008183141635,-0.02351398566,0.007238229983
uniform,1,16,512,64,5000,-0.0284,-0.0448,0.6999331866,0.681194751,0.7182208182,0.6792013603,0.6525304341,0.7053091738,0.02073182637,0.001558227646,0.04015565113
uniform,1,16,768,96,4000,-0.01225,-0.006,0.7172112716,0.6957388503,0.7389254915,0.7245366029,0.6944110371,0.7546849056,-0.007325331333,-0.02904271068,0.01402250719
uniform,1,16,1024,128,3000,-0.041,-0.01133333333,0.7661840058,0.7387423794,0.7931347255,0.773317717,0.7343935145,0.8117033803,-0.007133711237,-0.03433223297,0.02106618039
uniform,1,16,1536,192,1600,-0.026875,-0.006875,0.8032422608,0.7645051595,0.8420418181,0.8196873046,0.7635738548,0.8758292292,-0.01644504378,-0.05579737336,0.02349539751
uniform,1,16,2048,256,1000,0.002,-0.033,0.8347882883,0.7833410536,0.8872496997,0.8247122122,0.7529357482,0.9002549424,0.01007607608,-0.04141111111,0.06121816817
uniform,1,16,2560,320,400,0.0525,-0.0125,0.8381390977,0.7585673559,0.9193942669,0.8550250627,0.7527647243,0.9638909774,-0.01688596491,-0.09654432957,0.06255278822
uniform,1,16,3072,384,300,-0.07,-0.05,0.9126755853,0.8075964326,1.021048356,0.8459531773,0.7209810479,0.9762486065,0.06672240803,-0.04488963211,0.1836379599
uniform,1,16,4096,512,150,-0.08,-0.04,0.9288590604,0.7802410515,1.076063199,0.8448322148,0.6644272931,1.035548098,0.08402684564,-0.06711409396,0.2380313199
uniform,1,16,5120,640,80,-0.025,-0.05,0.9477848101,0.738528481,1.155539953,0.860443038,0.6174050633,1.120174051,0.08734177215,-0.1370332278,0.3243670886
uniform,1,16,6144,768,40,-0.025,0.125,1.325,0.8496794872,1.774070513,1.296153846,0.7482772436,1.865384615,0.02884615385,-0.3461538462,0.3846153846
uniform,1,8,32,8,6000,-0.05466666667,-0.05833333333,0.4888858699,0.4770099461,0.5004471856,0.4870744569,0.4698528282,0.5040525077,0.001811413013,-0.01073236581,0.01421827249
uniform,1,8,64,16,6000,-0.05083333333,-0.048,0.5608994694,0.5473836195,0.5747158165,0.5535049036,0.5346607212,0.5727607379,0.007394565761,-0.006761710285,0.02168679155
uniform,1,8,128,32,6000,-0.0335,-0.04783333333,0.6310667056,0.615709728,0.6464902998,0.6275018614,0.604668809,0.6502947769,0.003564844141,-0.01269376841,0.0194565761
uniform,1,8,256,64,6000,-0.054,-0.05783333333,0.6917349419,0.6743537635,0.7091192129,0.6908577957,0.6666571512,0.7161010363,0.000877146191,-0.01706140885,0.01846850169
uniform,1,8,512,128,5000,-0.0602,-0.055,0.7302215243,0.7101161147,0.7505736372,0.7275319864,0.6987384497,0.7563616563,0.002689537908,-0.01793420284,0.02310655631
uniform,1,8,768,192,4000,-0.02575,-0.04125,0.7880146912,0.7637979628,0.8122390309,0.8015802701,0.7676743756,0.8352652226,-0.01356557889,-0.03784997656,0.01055845055
uniform,1,8,1024,256,3000,-0.04033333333,-0.065,0.825015783,0.7954196635,0.8537487107,0.7869580971,0.7477145159,0.8275539847,0.0380576859,0.006831749472,0.06777863177
uniform,1,8,1536,384,1600,-0.023125,-0.001875,0.8909126798,0.8489024781,0.9324229987,0.8771974672,0.8173760309,0.9396834105,0.01371521263,-0.02998204933,0.05817610616
uniform,1,8,2048,512,1000,-0.05,-0.055,0.8756131131,0.8218963463,0.9282159159,0.8993868869,0.820135035,0.9818054429,-0.02377377377,-0.08059309309,0.03301736737
uniform,1,8,2560,640,400,-0.055,-0.025,0.8778696742,0.7930904605,0.9637627663,0.9393984962,0.8084909931,1.077040492,-0.06152882206,-0.149893797,0.02550250627
uniform,1,8,3072,768,300,0.02333333333,-0.04666666667,0.920039019,0.8151491081,1.023061315,0.8721237458,0.7357853958,1.013307135,0.04791527313,-0.051840301,0.1444155518
uniform,1,8,4096,1024,150,-0.18,-0.12,0.9529530201,0.8105771812,1.090920582,0.880738255,0.6911856823,1.075823266,0.0722147651,-0.07686800895,0.2173668904
uniform,1,8,5120,1280,80,-0.2125,0.1,1.003718354,0.7774465981,1.234100079,1.058148734,0.7591772152,1.373340585,-0.05443037975,-0.2500079114,0.1452610759
uniform,1,8,6144,1536,40,-0.25,0.175,0.9650641026,0.7189102564,1.176282051,0.8945512821,0.6022435897,1.171474359,0.07051282051,-0.1551282051,0.3
uniform,1,4,32,16,6000,-0.1133333333,-0.1256666667,0.5436056565,0.5308534936,0.5561765412,0.5525160304,0.5335351159,0.5714119579,-0.008910373951,-0.02264302175,0.005123667139
uniform,1,4,64,32,6000,-0.1071666667,-0.09783333333,0.6157412624,0.6011160968,0.6304850218,0.6163925099,0.5940969981,0.6381117912,-0.0006512474301,-0.01614488109,0.01494030672
uniform,1,4,128,64,6000,-0.0905,-0.1001666667,0.6888363338,0.6718955465,0.7057345749,0.7027370673,0.6775117454,0.7280200895,-0.01390073346,-0.03153765003,0.003956755293
uniform,1,4,256,128,6000,-0.1105,-0.096,0.763164069,0.7442381373,0.782325607,0.7662725871,0.7395854754,0.7923626809,-0.003108518086,-0.02192202242,0.0154850864
uniform,1,4,512,256,5000,-0.0796,-0.11,0.8127444689,0.7901380596,0.8351445824,0.80969986,0.7779487097,0.8414416208,0.003044608922,-0.020169987,0.02625103421
uniform,1,4,768,384,4000,-0.102,-0.117,0.8346621655,0.8080988099,0.8603416651,0.8430982746,0.8064482144,0.8802206419,-0.008436109027,-0.03355553107,0.01724170418
uniform,1,4,1024,512,3000,-0.1283333333,-0.1086666667,0.8829887185,0.8514055685,0.9132416542,0.8742646993,0.8298252362,0.9175581763,0.008724019117,-0.02231059242,0.04001117039
uniform,1,4,1536,768,1600,-0.093125,-0.073125,0.9248182458,0.8794139013,0.9708386345,0.9003627267,0.8377413227,0.9640360381,0.02445551907,-0.02070852877,0.06817030175
uniform,1,4,2048,1024,1000,-0.098,-0.111,0.977515015,0.9199948699,1.035584272,0.9954109109,0.9153010636,1.07591763,-0.0178958959,-0.07582855355,0.04096176176
uniform,1,4,2560,1280,400,-0.045,0.0325,0.9571021303,0.8661485746,1.045286028,0.9230545113,0.8009737625,1.04483396,0.03404761905,-0.05814786967,0.1270195802
uniform,1,4,3072,1536,300,-0.1833333333,-0.19,1.031917503,0.9142396878,1.151965022,1.020044593,0.8614430045,1.183143813,0.0118729097,-0.102787068,0.1280981048
uniform,1,4,4096,2048,150,-0.18,-0.1066666667,0.9343400447,0.7876935123,1.078413311,0.9536689038,0.7663422819,1.143266219,-0.01932885906,-0.1503378076,0.1095324385
uniform,1,4,5120,2560,80,-0.125,-0.25,1.150316456,0.8854390823,1.411637658,1.068037975,0.7018196203,1.473987342,0.08227848101,-0.1690031646,0.3057041139
uniform,1,4,6144,3072,40,-0.175,0,0.8689102564,0.6121794872,1.094895833,0.7407051282,0.441025641,1.03974359,0.1282051282,-0.09935897436,0.3461538462
