distribution,distribution_params,variance_kind,L_left,L_right,L_mid_geometric,p_local
baseline,{},annealed,16,32,22.627416997969522,1.3946235636312225
baseline,{},annealed,32,64,45.254833995939045,0.7828949929774538
baseline,{},annealed,64,128,90.50966799187809,1.2803014233569767
baseline,{},annealed,128,256,181.01933598375618,1.0715787439353335
baseline,{},annealed,256,512,362.03867196751236,1.0739780498079332
baseline,{},annealed,512,1024,724.0773439350247,0.9213940178111751
baseline,{},annealed,1024,2048,1448.1546878700494,1.0207412904616289
baseline,{},annealed,2048,4096,2896.309375740099,3.133396315417127
baseline,{},annealed,4096,8192,5792.618751480198,-0.6824757589351421
bernoulli,"{""a"":0.8}",annealed,16,32,22.627416997969522,0.585712261905853
bernoulli,"{""a"":0.8}",annealed,32,64,45.254833995939045,1.6257557420059778
bernoulli,"{""a"":0.8}",annealed,64,128,90.50966799187809,0.9805617341547801
bernoulli,"{""a"":0.8}",annealed,128,256,181.01933598375618,1.1517364994004653
bernoulli,"{""a"":0.8}",annealed,256,512,362.03867196751236,1.0222649163569975
bernoulli,"{""a"":0.8}",annealed,512,1024,724.0773439350247,0.8532369801585143
bernoulli,"{""a"":0.8}",annealed,1024,2048,1448.1546878700494,1.436196431485048
bernoulli,"{""a"":0.8}",annealed,2048,4096,2896.309375740099,0.07654672409615668
beta,"{""a"":0.5}",annealed,16,32,22.627416997969522,1.2991022450799112
beta,"{""a"":0.5}",annealed,32,64,45.254833995939045,0.7008092219226386
beta,"{""a"":0.5}",annealed,64,128,90.50966799187809,0.9440643901835252
beta,"{""a"":0.5}",annealed,128,256,181.01933598375618,1.535799472845244
beta,"{""a"":0.5}",annealed,256,512,362.03867196751236,1.639851556348318
beta,"{""a"":0.5}",annealed,512,1024,724.0773439350247,0.20759602710417638
beta,"{""a"":0.5}",annealed,1024,2048,1448.1546878700494,0.919819929647675
beta,"{""a"":0.5}",annealed,2048,4096,2896.309375740099,0.7154400365364422
exponential,{},annealed,16,32,22.627416997969522,1.4108713350852073
exponential,{},annealed,32,64,45.254833995939045,0.9886123089538565
exponential,{},annealed,64,128,90.50966799187809,1.062432567496411
exponential,{},annealed,128,256,181.01933598375618,1.650341863889987
exponential,{},annealed,256,512,362.03867196751236,0.528043600876626
exponential,{},annealed,512,1024,724.0773439350247,1.0360994482841248
exponential,{},annealed,1024,2048,1448.1546878700494,1.2870655387107364
exponential,{},annealed,2048,4096,2896.309375740099,1.555246169773208
gamma,"{""shape"":0.5}",annealed,16,32,22.627416997969522,1.1752129138369078
gamma,"{""shape"":0.5}",annealed,32,64,45.254833995939045,1.0690815513836849
gamma,"{""shape"":0.5}",annealed,64,128,90.50966799187809,1.5863351796797807
gamma,"{""shape"":0.5}",annealed,128,256,181.01933598375618,0.8653600085994001
gamma,"{""shape"":0.5}",annealed,256,512,362.03867196751236,0.9319452003314455
gamma,"{""shape"":0.5}",annealed,512,1024,724.0773439350247,1.02152770204715
gamma,"{""shape"":0.5}",annealed,1024,2048,1448.1546878700494,0.39381635966880635
gamma,"{""shape"":0.5}",annealed,2048,4096,2896.309375740099,1.8835156826527655
gamma,"{""shape"":1.0}",annealed,16,32,22.627416997969522,0.9181012762589279
gamma,"{""shape"":1.0}",annealed,32,64,45.254833995939045,1.375468184346741
gamma,"{""shape"":1.0}",annealed,64,128,90.50966799187809,1.216268883313811
gamma,"{""shape"":1.0}",annealed,128,256,181.01933598375618,0.7201005882320068
gamma,"{""shape"":1.0}",annealed,256,512,362.03867196751236,1.020263999385315
gamma,"{""shape"":1.0}",annealed,512,1024,724.0773439350247,1.1145815569280186
gamma,"{""shape"":1.0}",annealed,1024,2048,1448.1546878700494,1.5996332582418065
gamma,"{""shape"":1.0}",annealed,2048,4096,2896.309375740099,2.0627644810374655
gamma,"{""shape"":1.0}",annealed,4096,8192,5792.618751480198,0.2358214965344915
gamma,"{""shape"":2.0}",annealed,16,32,22.627416997969522,0.8846041860425374
gamma,"{""shape"":2.0}",annealed,32,64,45.254833995939045,1.3661332114431914
gamma,"{""shape"":2.0}",annealed,64,128,90.50966799187809,1.5061321484428425
gamma,"{""shape"":2.0}",annealed,128,256,181.01933598375618,0.6831959696372698
gamma,"{""shape"":2.0}",annealed,256,512,362.03867196751236,0.9393335253616798
gamma,"{""shape"":2.0}",annealed,512,1024,724.0773439350247,1.2906956783651828
gamma,"{""shape"":2.0}",annealed,1024,2048,1448.1546878700494,1.646183341652463
gamma,"{""shape"":2.0}",annealed,2048,4096,2896.309375740099,1.0827113494663894
inverse_gamma,"{""alpha"":2.2}",annealed,16,32,22.627416997969522,0.9785405793535364
inverse_gamma,"{""alpha"":2.2}",annealed,32,64,45.254833995939045,1.4683696238995214
inverse_gamma,"{""alpha"":2.2}",annealed,64,128,90.50966799187809,0.565867956736065
inverse_gamma,"{""alpha"":2.2}",annealed,128,256,181.01933598375618,1.1583278245175366
inverse_gamma,"{""alpha"":2.2}",annealed,256,512,362.03867196751236,1.4087734949593602
inverse_gamma,"{""alpha"":2.2}",annealed,512,1024,724.0773439350247,0.7960405165075864
inverse_gamma,"{""alpha"":2.2}",annealed,1024,2048,1448.1546878700494,0.2970726290748235
inverse_gamma,"{""alpha"":2.2}",annealed,2048,4096,2896.309375740099,1.5409948730205205
lognormal,"{""sigma"":0.5}",annealed,16,32,22.627416997969522,1.1175957565348067
lognormal,"{""sigma"":0.5}",annealed,32,64,45.254833995939045,1.3355098779516328
lognormal,"{""sigma"":0.5}",annealed,64,128,90.50966799187809,1.2584080835126699
lognormal,"{""sigma"":0.5}",annealed,128,256,181.01933598375618,0.5463667935389449
lognormal,"{""sigma"":0.5}",annealed,256,512,362.03867196751236,1.2050841725416372
lognormal,"{""sigma"":0.5}",annealed,512,1024,724.0773439350247,1.6572792876488505
lognormal,"{""sigma"":0.5}",annealed,1024,2048,1448.1546878700494,-0.31917184824307
lognormal,"{""sigma"":0.5}",annealed,2048,4096,2896.309375740099,1.8351933735049455
lognormal,"{""sigma"":1.0}",annealed,16,32,22.627416997969522,1.3727630499335022
lognormal,"{""sigma"":1.0}",annealed,32,64,45.254833995939045,1.2878771143914818
lognormal,"{""sigma"":1.0}",annealed,64,128,90.50966799187809,0.9325934617220983
lognormal,"{""sigma"":1.0}",annealed,128,256,181.01933598375618,0.8569805011394952
lognormal,"{""sigma"":1.0}",annealed,256,512,362.03867196751236,1.1054799613111554
lognormal,"{""sigma"":1.0}",annealed,512,1024,724.0773439350247,1.2687617110745821
lognormal,"{""sigma"":1.0}",annealed,1024,2048,1448.1546878700494,0.6825786519133277
lognormal,"{""sigma"":1.0}",annealed,2048,4096,2896.309375740099,1.4725153732846523
pareto,"{""alpha"":2.0}",annealed,16,32,22.627416997969522,1.084043697244515
pareto,"{""alpha"":2.0}",annealed,32,64,45.254833995939045,1.1765060710996385
pareto,"{""alpha"":2.0}",annealed,64,128,90.50966799187809,0.9115862926554998
pareto,"{""alpha"":2.0}",annealed,128,256,181.01933598375618,1.0610195111247855
pareto,"{""alpha"":2.0}",annealed,256,512,362.03867196751236,0.9673383565454258
pareto,"{""alpha"":2.0}",annealed,512,1024,724.0773439350247,1.0435647731193194
pareto,"{""alpha"":2.0}",annealed,1024,2048,1448.1546878700494,1.635597888431798
pareto,"{""alpha"":2.0}",annealed,2048,4096,2896.309375740099,1.3605882807862146
pareto,"{""alpha"":3.0}",annealed,16,32,22.627416997969522,1.2088959309168945
pareto,"{""alpha"":3.0}",annealed,32,64,45.254833995939045,1.0237913757766186
pareto,"{""alpha"":3.0}",annealed,64,128,90.50966799187809,0.8652505980577316
pareto,"{""alpha"":3.0}",annealed,128,256,181.01933598375618,1.2500529058463579
pareto,"{""alpha"":3.0}",annealed,256,512,362.03867196751236,1.0905888046327157
pareto,"{""alpha"":3.0}",annealed,512,1024,724.0773439350247,0.4971237757505576
pareto,"{""alpha"":3.0}",annealed,1024,2048,1448.1546878700494,0.7777924111380076
pareto,"{""alpha"":3.0}",annealed,2048,4096,2896.309375740099,1.561939948960503
triangular,"{""a"":0.8}",annealed,16,32,22.627416997969522,1.1434617161005174
triangular,"{""a"":0.8}",annealed,32,64,45.254833995939045,1.39814985556043
triangular,"{""a"":0.8}",annealed,64,128,90.50966799187809,0.49569945075763805
triangular,"{""a"":0.8}",annealed,128,256,181.01933598375618,1.3422840688508864
triangular,"{""a"":0.8}",annealed,256,512,362.03867196751236,1.016538866072392
triangular,"{""a"":0.8}",annealed,512,1024,724.0773439350247,0.7566019738708495
triangular,"{""a"":0.8}",annealed,1024,2048,1448.1546878700494,0.8074606318655008
triangular,"{""a"":0.8}",annealed,2048,4096,2896.309375740099,2.1965932979318072
uniform,"{""a"":0.7}",annealed,16,32,22.627416997969522,1.1569093366683427
uniform,"{""a"":0.7}",annealed,32,64,45.254833995939045,1.1127897688346626
uniform,"{""a"":0.7}",annealed,64,128,90.50966799187809,1.0953110613443282
uniform,"{""a"":0.7}",annealed,128,256,181.01933598375618,0.8490178250551742
uniform,"{""a"":0.7}",annealed,256,512,362.03867196751236,1.1504305236016874
uniform,"{""a"":0.7}",annealed,512,1024,724.0773439350247,1.119539877493836
uniform,"{""a"":0.7}",annealed,1024,2048,1448.1546878700494,1.8315384404097697
uniform,"{""a"":0.7}",annealed,2048,4096,2896.309375740099,0.5544709316418964
weibull,"{""shape"":0.7}",annealed,16,32,22.627416997969522,1.2010667906914463
weibull,"{""shape"":0.7}",annealed,32,64,45.254833995939045,1.0088046418338905
weibull,"{""shape"":0.7}",annealed,64,128,90.50966799187809,0.8227524808902091
weibull,"{""shape"":0.7}",annealed,128,256,181.01933598375618,1.2942363172874225
weibull,"{""shape"":0.7}",annealed,256,512,362.03867196751236,1.1081300664168976
weibull,"{""shape"":0.7}",annealed,512,1024,724.0773439350247,0.778126232246216
weibull,"{""shape"":0.7}",annealed,1024,2048,1448.1546878700494,1.1447670711449431
weibull,"{""shape"":0.7}",annealed,2048,4096,2896.309375740099,0.849362490583207
