model,fraction_num,fraction_den,component,order,separation,fit_role,observed,log_fit,log_plus_log2_fit
gamma,1,32,marginal,512,32,training,0.620459832,0.6070578711,0.6455061448
gamma,1,32,marginal,768,48,training,0.6672705676,0.6518658563,0.6482846605
gamma,1,32,marginal,1024,64,training,0.6847476937,0.6836576278,0.6625830117
gamma,1,32,marginal,1536,96,training,0.7359611476,0.7284656129,0.7001092841
gamma,1,32,marginal,2048,128,training,0.7192907908,0.7602573844,0.7390615609
gamma,1,32,marginal,2560,160,training,0.7376409774,0.7849169981,0.7763218166
gamma,1,32,marginal,3072,192,training,0.763690078,0.8050653696,0.81133559
gamma,1,32,marginal,4096,256,training,0.929082774,0.836857141,0.8749417926
gamma,1,32,marginal,5120,320,heldout,0.847943038,0.8615167547,0.9313251188
gamma,1,32,marginal,6144,384,heldout,0.8189102564,0.8816651262,0.9819635784
gamma,1,32,conditional,512,32,training,0.5878135427,0.5701493206,0.6057618415
gamma,1,32,conditional,768,48,training,0.6238339585,0.6095517733,0.6062347087
gamma,1,32,conditional,1024,64,training,0.6303859064,0.6375082584,0.6179880009
gamma,1,32,conditional,1536,96,training,0.6558818011,0.6769107112,0.6506458036
gamma,1,32,conditional,2048,128,training,0.6979534535,0.7048671963,0.685234671
gamma,1,32,conditional,2560,160,training,0.718768797,0.7265519308,0.718590687
gamma,1,32,conditional,3072,192,training,0.6688740245,0.744269649,0.7500774092
gamma,1,32,conditional,4096,256,training,0.8585234899,0.7722261341,0.8075018518
gamma,1,32,conditional,5120,320,heldout,0.582278481,0.7939108686,0.8585705161
gamma,1,32,conditional,6144,384,heldout,0.8048076923,0.8116285868,0.9045295257
gamma,1,32,disorder,512,32,training,0.03264628926,0.03690855048,0.03974430326
gamma,1,32,disorder,768,48,training,0.04343660915,0.04231408297,0.04204995184
gamma,1,32,disorder,1024,64,training,0.05436178726,0.0461493693,0.0445950108
gamma,1,32,disorder,1536,96,training,0.08007934647,0.05155490179,0.04946348049
gamma,1,32,disorder,2048,128,training,0.02133733734,0.05539018813,0.05382688997
gamma,1,32,disorder,2560,160,training,0.01887218045,0.05836506732,0.05773112964
gamma,1,32,disorder,3072,192,training,0.09481605351,0.06079572061,0.06125818078
gamma,1,32,disorder,4096,256,training,0.07055928412,0.06463100695,0.06743994078
gamma,1,32,disorder,5120,320,heldout,0.265664557,0.06760588615,0.07275460269
gamma,1,32,disorder,6144,384,heldout,0.0141025641,0.07003653944,0.07743405272
gamma,1,16,marginal,512,64,training,0.6772169434,0.7011732693,0.6585621691
gamma,1,16,marginal,768,96,training,0.7235455739,0.7324099597,0.7363788945
gamma,1,16,marginal,1024,128,training,0.768162443,0.7545727442,0.7779291265
gamma,1,16,marginal,1536,192,training,0.7942884225,0.7858094345,0.8172359267
gamma,1,16,marginal,2048,256,training,0.7710785786,0.807972219,0.8314629319
gamma,1,16,marginal,2560,320,training,0.9248120301,0.8251630102,0.8346887991
gamma,1,16,marginal,3072,384,training,0.8956465998,0.8392089093,0.8322598069
gamma,1,16,marginal,4096,512,training,0.7529306488,0.8613716938,0.8191635853
gamma,1,16,marginal,5120,640,heldout,0.9259493671,0.878562485,0.8011959114
gamma,1,16,marginal,6144,768,heldout,1.133012821,0.8926083841,0.7814505352
gamma,1,16,conditional,512,64,training,0.6308016603,0.6583673415,0.6131733932
gamma,1,16,conditional,768,96,training,0.6849207302,0.6828279841,0.6870374937
gamma,1,16,conditional,1024,128,training,0.7071112037,0.7001830862,0.7249552026
gamma,1,16,conditional,1536,192,training,0.7231939884,0.7246437287,0.7579751202
gamma,1,16,conditional,2048,256,training,0.7064459459,0.7419988308,0.7669134201
gamma,1,16,conditional,2560,320,training,0.8478195489,0.7554604938,0.7655636831
gamma,1,16,conditional,3072,384,training,0.8598606466,0.7664594733,0.7590891549
gamma,1,16,conditional,4096,512,training,0.6536017897,0.7838145754,0.739048046
gamma,1,16,conditional,5120,640,heldout,0.846835443,0.7972762384,0.7152201331
gamma,1,16,conditional,6144,768,heldout,1.140705128,0.808275218,0.690379598
gamma,1,16,disorder,512,64,training,0.04641528306,0.04280592781,0.04538877589
gamma,1,16,disorder,768,96,training,0.03862484371,0.0495819756,0.04934140082
gamma,1,16,disorder,1024,128,training,0.0610512393,0.05438965801,0.05297392392
gamma,1,16,disorder,1536,192,training,0.07109443402,0.06116570579,0.05926080649
gamma,1,16,disorder,2048,256,training,0.06463263263,0.0659733882,0.06454951174
gamma,1,16,disorder,2560,320,training,0.0769924812,0.06970251639,0.06912511601
gamma,1,16,disorder,3072,384,training,0.03578595318,0.07274943598,0.07317065195
gamma,1,16,disorder,4096,512,training,0.09932885906,0.07755711839,0.08011553935
gamma,1,16,disorder,5120,640,heldout,0.07911392405,0.08128624658,0.0859757783
gamma,1,16,disorder,6144,768,heldout,-0.007692307692,0.08433316617,0.0910709372
gamma,1,8,marginal,512,128,training,0.7689281056,0.7960770825,0.7457701031
gamma,1,8,marginal,768,192,training,0.7992584084,0.8155859206,0.8202716744
gamma,1,8,marginal,1024,256,training,0.8400611315,0.8294276615,0.8570023788
gamma,1,8,marginal,1536,384,training,0.8729952314,0.8489364996,0.8860388482
gamma,1,8,marginal,2048,512,training,0.8725075075,0.8627782405,0.8905115495
gamma,1,8,marginal,2560,640,training,0.9105482456,0.8735147288,0.8847609455
gamma,1,8,marginal,3072,768,training,0.9563210702,0.8822870785,0.8740829169
gamma,1,8,marginal,4096,1024,training,0.7841163311,0.8961288194,0.846297615
gamma,1,8,marginal,5120,1280,heldout,0.9232594937,0.9068653078,0.8155257599
gamma,1,8,marginal,6144,1536,heldout,0.8945512821,0.9156376575,0.7844038805
gamma,1,8,conditional,512,128,training,0.7229413083,0.7271924791,0.7019539807
gamma,1,8,conditional,768,192,training,0.7239614591,0.7496694751,0.75202027
gamma,1,8,conditional,1024,256,training,0.7952648661,0.7656171576,0.779451112
gamma,1,8,conditional,1536,384,training,0.7667292058,0.7880941536,0.8067080234
gamma,1,8,conditional,2048,512,training,0.7767687688,0.804041836,0.8179553543
gamma,1,8,conditional,2560,640,training,0.8405983709,0.8164118195,0.8220539317
gamma,1,8,conditional,3072,768,training,0.9630100334,0.826518832,0.8224028878
gamma,1,8,conditional,4096,1024,training,0.730738255,0.8424665144,0.8174667074
gamma,1,8,conditional,5120,1280,heldout,0.8199367089,0.854836498,0.8090123784
gamma,1,8,conditional,6144,1536,heldout,0.8176282051,0.8649435104,0.799104863
gamma,1,8,disorder,512,128,training,0.04598679736,0.06888460335,0.04381612239
gamma,1,8,disorder,768,192,training,0.07529694924,0.06591644545,0.06825140435
gamma,1,8,disorder,1024,256,training,0.04479626542,0.0638105039,0.0775512668
gamma,1,8,disorder,1536,384,training,0.1062660256,0.06084234599,0.07933082475
gamma,1,8,disorder,2048,512,training,0.09573873874,0.05873640444,0.0725561952
gamma,1,8,disorder,2560,640,training,0.06994987469,0.05710290927,0.06270701376
gamma,1,8,disorder,3072,768,training,-0.006688963211,0.05576824654,0.05168002912
gamma,1,8,disorder,4096,1024,training,0.05337807606,0.05366230499,0.02883090757
gamma,1,8,disorder,5120,1280,heldout,0.1033227848,0.05202880982,0.006513381473
gamma,1,8,disorder,6144,1536,heldout,0.07692307692,0.05069414708,-0.01470098253
gamma,1,4,marginal,512,256,training,0.8261565713,0.8243270459,0.8293234501
gamma,1,4,marginal,768,384,training,0.8666588522,0.8668633485,0.8663979673
gamma,1,4,marginal,1024,512,training,0.8964921085,0.8970433355,0.8943046611
gamma,1,4,marginal,1536,768,training,0.9425889228,0.939579638,0.9358946955
gamma,1,4,marginal,2048,1024,training,0.9751126126,0.969759625,0.9670051996
gamma,1,4,marginal,2560,1280,training,1.00410401,0.9931690415,0.9920520863
gamma,1,4,marginal,3072,1536,training,0.9618952062,1.012295928,1.013110751
gamma,1,4,marginal,4096,2048,training,1.072505593,1.042475915,1.047425065
gamma,1,4,marginal,5120,2560,heldout,0.9252373418,1.065885331,1.074957021
gamma,1,4,marginal,6144,3072,heldout,1.024038462,1.085012217,1.098046134
gamma,1,4,conditional,512,256,training,0.7880407882,0.7479520257,0.8218544094
gamma,1,4,conditional,768,384,training,0.8108402101,0.7948322449,0.7879487394
gamma,1,4,conditional,1024,512,training,0.8221006447,0.8280942898,0.7875862457
gamma,1,4,conditional,1536,768,training,0.8503750391,0.874974509,0.8204701036
gamma,1,4,conditional,2048,1024,training,0.8658213213,0.9082365539,0.8674955341
gamma,1,4,conditional,2560,1280,training,0.9226065163,0.9340366003,0.9175155881
gamma,1,4,conditional,3072,1536,training,0.805819398,0.9551167731,0.9671689198
gamma,1,4,conditional,4096,2048,training,1.166017897,0.9883788179,1.061582275
gamma,1,4,conditional,5120,2560,heldout,0.8227056962,1.014178864,1.148359258
gamma,1,4,conditional,6144,3072,heldout,0.5227564103,1.035259037,1.228045188
gamma,1,4,disorder,512,256,training,0.03811578316,0.07637502018,0.007469040696
gamma,1,4,disorder,768,384,training,0.05581864216,0.07203110355,0.07844922798
gamma,1,4,disorder,1024,512,training,0.07439146382,0.06894904565,0.1067184154
gamma,1,4,disorder,1536,768,training,0.09221388368,0.06460512901,0.1154245919
gamma,1,4,disorder,2048,1024,training,0.1092912913,0.06152307111,0.0995096655
gamma,1,4,disorder,2560,1280,training,0.08149749373,0.05913244128,0.07453649824
gamma,1,4,disorder,3072,1536,training,0.1560758082,0.05717915448,0.04594183117
gamma,1,4,disorder,4096,2048,training,-0.09351230425,0.05409709658,-0.01415720905
gamma,1,4,disorder,5120,2560,heldout,0.1025316456,0.05170646675,-0.07340223755
gamma,1,4,disorder,6144,3072,heldout,0.5012820513,0.04975317995,-0.1299990542
uniform,1,32,marginal,512,32,training,0.6199393479,0.6270750248,0.625268828
uniform,1,32,marginal,768,48,training,0.6779498625,0.6651061557,0.6652743907
uniform,1,32,marginal,1024,64,training,0.6853248861,0.6920896725,0.6930797015
uniform,1,32,marginal,1536,96,training,0.7205999844,0.7301208034,0.7314529077
uniform,1,32,marginal,2048,128,training,0.7947622623,0.7571043202,0.7581000432
uniform,1,32,marginal,2560,160,training,0.7705858396,0.7780343619,0.7784381404
uniform,1,32,marginal,3072,192,training,0.7584726867,0.7951354511,0.7948408929
uniform,1,32,marginal,4096,256,training,0.8391498881,0.8221189679,0.8203298531
uniform,1,32,marginal,5120,320,heldout,0.8680379747,0.8430490095,0.8397695998
uniform,1,32,marginal,6144,384,heldout,0.8705128205,0.8601500988,0.8554383464
uniform,1,32,conditional,512,32,training,0.607320184,0.6200364249,0.6131256681
uniform,1,32,conditional,768,48,training,0.6783834709,0.658869252,0.6595129421
uniform,1,32,conditional,1024,64,training,0.6782225186,0.6864215813,0.6902095679
uniform,1,32,conditional,1536,96,training,0.7230136023,0.7252544084,0.7303512222
uniform,1,32,conditional,2048,128,training,0.7645800801,0.7528067376,0.7566165103
uniform,1,32,conditional,2560,160,training,0.7622525063,0.7741779846,0.7757228968
uniform,1,32,conditional,3072,192,training,0.8082720178,0.7916395647,0.7905125448
uniform,1,32,conditional,4096,256,training,0.8063534676,0.819191894,0.8123464952
uniform,1,32,conditional,5120,320,heldout,0.8579113924,0.8405631409,0.8280156692
uniform,1,32,conditional,6144,384,heldout,0.8705128205,0.8580247211,0.83999691
uniform,1,32,disorder,512,32,training,0.01261916383,0.007038599901,0.0121431599
uniform,1,32,disorder,768,48,training,-0.0004336084021,0.006236903719,0.005761448592
uniform,1,32,disorder,1024,64,training,0.007102367456,0.005668091226,0.002870133552
uniform,1,32,disorder,1536,96,training,-0.002413617886,0.004866395045,0.001101685518
uniform,1,32,disorder,2048,128,training,0.03018218218,0.004297582551,0.001483532861
uniform,1,32,disorder,2560,160,training,0.008333333333,0.003856377305,0.002715243638
uniform,1,32,disorder,3072,192,training,-0.0497993311,0.00349588637,0.004328348103
uniform,1,32,disorder,4096,256,training,0.03279642058,0.002927073877,0.00798335783
uniform,1,32,disorder,5120,320,heldout,0.01012658228,0.00248586863,0.01175393059
uniform,1,32,disorder,6144,384,heldout,0,0.002125377695,0.01544143635
uniform,1,16,marginal,512,64,training,0.6999331866,0.6841257538,0.6972218653
uniform,1,16,marginal,768,96,training,0.7172112716,0.7301122618,0.7288924479
uniform,1,16,marginal,1024,128,training,0.7661840058,0.7627402084,0.7555618491
uniform,1,16,marginal,1536,192,training,0.8032422608,0.8087267164,0.7990680865
uniform,1,16,marginal,2048,256,training,0.8347882883,0.841354663,0.8341350185
uniform,1,16,marginal,2560,320,training,0.8381390977,0.8666628646,0.8637352051
uniform,1,16,marginal,3072,384,training,0.9126755853,0.8873411709,0.8894769107
uniform,1,16,marginal,4096,512,training,0.9288590604,0.9199691176,0.9329413734
uniform,1,16,marginal,5120,640,heldout,0.9477848101,0.9452773192,0.9690551909
uniform,1,16,marginal,6144,768,heldout,1.325,0.9659556255,1.00011892
uniform,1,16,conditional,512,64,training,0.6792013603,0.6997320999,0.6724555851
uniform,1,16,conditional,768,96,training,0.7245366029,0.7341499077,0.73669053
uniform,1,16,conditional,1024,128,training,0.773317717,0.758569731,0.7735207815
uniform,1,16,conditional,1536,192,training,0.8196873046,0.7929875389,0.8131044843
uniform,1,16,conditional,2048,256,training,0.8247122122,0.8174073622,0.8324444012
uniform,1,16,conditional,2560,320,training,0.8550250627,0.8363488487,0.8424465631
uniform,1,16,conditional,3072,384,training,0.8459531773,0.85182517,0.8473768621
uniform,1,16,conditional,4096,512,training,0.8448322148,0.8762449933,0.8492264444
uniform,1,16,conditional,5120,640,heldout,0.860443038,0.8951864798,0.8456620488
uniform,1,16,conditional,6144,768,heldout,1.296153846,0.9106628011,0.8395076632
uniform,1,16,disorder,512,64,training,0.02073182637,-0.01560634605,0.02476628027
uniform,1,16,disorder,768,96,training,-0.007325331333,-0.004037645952,-0.00779808215
uniform,1,16,disorder,1024,128,training,-0.007133711237,0.004170477393,-0.01795893232
uniform,1,16,disorder,1536,192,training,-0.01644504378,0.01573917749,-0.01403639786
uniform,1,16,disorder,2048,256,training,0.01007607608,0.02394730083,0.001690617284
uniform,1,16,disorder,2560,320,training,-0.01688596491,0.03031401593,0.02128864193
uniform,1,16,disorder,3072,384,training,0.06672240803,0.03551600093,0.04210004862
uniform,1,16,disorder,4096,512,training,0.08402684564,0.04372412427,0.08371492908
uniform,1,16,disorder,5120,640,heldout,0.08734177215,0.05009083937,0.1233931421
uniform,1,16,disorder,6144,768,heldout,0.02884615385,0.05529282437,0.1606112573
uniform,1,8,marginal,512,128,training,0.7302215243,0.7471260656,0.7354817369
uniform,1,8,marginal,768,192,training,0.7880146912,0.7866533484,0.7877379386
uniform,1,8,marginal,1024,256,training,0.825015783,0.8146984018,0.8210809968
uniform,1,8,marginal,1536,384,training,0.8909126798,0.8542256846,0.8628135972
uniform,1,8,marginal,2048,512,training,0.8756131131,0.882270738,0.8886900414
uniform,1,8,marginal,2560,640,training,0.8778696742,0.9040241714,0.9066272823
uniform,1,8,marginal,3072,768,training,0.920039019,0.9217980207,0.9198990406
uniform,1,8,marginal,4096,1024,training,0.9529530201,0.9498430742,0.9383088709
uniform,1,8,marginal,5120,1280,heldout,1.003718354,0.9715965076,0.9504545561
uniform,1,8,marginal,6144,1536,heldout,0.9650641026,0.9893703569,0.9589942689
uniform,1,8,conditional,512,128,training,0.7275319864,0.7545798859,0.7183037525
uniform,1,8,conditional,768,192,training,0.8015802701,0.7880523675,0.7914312431
uniform,1,8,conditional,1024,256,training,0.7869580971,0.8118014711,0.831685474
uniform,1,8,conditional,1536,384,training,0.8771974672,0.8452739526,0.872028287
uniform,1,8,conditional,2048,512,training,0.8993868869,0.8690230563,0.8890214189
uniform,1,8,conditional,2560,640,training,0.9393984962,0.8874442922,0.8955538877
uniform,1,8,conditional,3072,768,training,0.8721237458,0.9024955378,0.8965795543
uniform,1,8,conditional,4096,1024,training,0.880738255,0.9262446414,0.8903115873
uniform,1,8,conditional,5120,1280,heldout,1.058148734,0.9446658773,0.878801346
uniform,1,8,conditional,6144,1536,heldout,0.8945512821,0.959717123,0.8650850451
uniform,1,8,disorder,512,128,training,0.002689537908,-0.007453820271,0.01717798439
uniform,1,8,disorder,768,192,training,-0.01356557889,-0.001399019082,-0.00369330455
uniform,1,8,disorder,1024,256,training,0.0380576859,0.002896930729,-0.01060447721
uniform,1,8,disorder,1536,384,training,0.01371521263,0.008951731918,-0.009214689806
uniform,1,8,disorder,2048,512,training,-0.02377377377,0.01324768173,-0.0003313774414
uniform,1,8,disorder,2560,640,training,-0.06152882206,0.01657987928,0.01107339457
uniform,1,8,disorder,3072,768,training,0.04791527313,0.01930248292,0.0233194863
uniform,1,8,disorder,4096,1024,training,0.0722147651,0.02359843273,0.04799728369
uniform,1,8,disorder,5120,1280,heldout,-0.05443037975,0.02693063028,0.07165321007
uniform,1,8,disorder,6144,1536,heldout,0.07051282051,0.02965323392,0.09390922377
uniform,1,4,marginal,512,256,training,0.8127444689,0.8198193187,0.7917861597
uniform,1,4,marginal,768,384,training,0.8346621655,0.8554952314,0.85810633
uniform,1,4,marginal,1024,512,training,0.8829887185,0.8808076944,0.8961734835
uniform,1,4,marginal,1536,768,training,0.9248182458,0.9164836071,0.937158592
uniform,1,4,marginal,2048,1024,training,0.977515015,0.94179607,0.957250233
uniform,1,4,marginal,2560,1280,training,0.9571021303,0.9614299416,0.9676968052
uniform,1,4,marginal,3072,1536,training,1.031917503,0.9774719827,0.9729002798
uniform,1,4,marginal,4096,2048,training,0.9343400447,1.002784446,0.9750164084
uniform,1,4,marginal,5120,2560,heldout,1.150316456,1.022418317,0.97152009
uniform,1,4,marginal,6144,3072,heldout,0.8689102564,1.038460358,0.9653313933
uniform,1,4,conditional,512,256,training,0.80969986,0.8150169861,0.7975426105
uniform,1,4,conditional,768,384,training,0.8430982746,0.8507794501,0.8524070696
uniform,1,4,conditional,1024,512,training,0.8742646993,0.876153322,0.8857315351
uniform,1,4,conditional,1536,768,training,0.9003627267,0.9119157859,0.9248034684
uniform,1,4,conditional,2048,1024,training,0.9954109109,0.9372896579,0.9469229586
uniform,1,4,conditional,2560,1280,training,0.9230545113,0.956971162,0.9608775905
uniform,1,4,conditional,3072,1536,training,1.020044593,0.9730521218,0.9702023661
uniform,1,4,conditional,4096,2048,training,0.9536689038,0.9984259938,0.9811168809
uniform,1,4,conditional,5120,2560,heldout,1.068037975,1.018107498,0.9863802587
uniform,1,4,conditional,6144,3072,heldout,0.7407051282,1.034188458,0.9886037627
uniform,1,4,disorder,512,256,training,0.003044608922,0.004802332555,-0.005756450845
uniform,1,4,disorder,768,384,training,-0.008436109027,0.004715781372,0.0056992604
uniform,1,4,disorder,1024,512,training,0.008724019117,0.004654372331,0.01044194835
uniform,1,4,disorder,1536,768,training,0.02445551907,0.004567821149,0.01235512357
uniform,1,4,disorder,2048,1024,training,-0.0178958959,0.004506412107,0.01032727446
uniform,1,4,disorder,2560,1280,training,0.03404761905,0.004458779554,0.006819214776
uniform,1,4,disorder,3072,1536,training,0.0118729097,0.004419860925,0.002697913661
uniform,1,4,disorder,4096,2048,training,-0.01932885906,0.004358451884,-0.006100472503
uniform,1,4,disorder,5120,2560,heldout,0.08227848101,0.004310819331,-0.01486016873
uniform,1,4,disorder,6144,3072,heldout,0.1282051282,0.004271900701,-0.02327236933
