L,model,k,sample_index,seed,raw_steps,lerw_steps,winding,hit_x,hit_y,environment_sites
16,gamma4,1.0,0,6696334072024174874,81,35,0,-1,-16,47
16,gamma4,1.0,1,655356264204895402,297,29,0,16,-3,105
16,gamma4,1.0,2,6007100743118460632,452,52,-2,-8,-16,125
16,gamma4,1.0,3,7511424499221711321,194,44,-1,-6,-16,65
16,gamma4,1.0,4,2144182983513147153,908,48,2,-16,6,185
16,gamma4,1.0,5,3252922493244411842,522,48,1,-4,16,113
16,gamma4,1.0,6,6634334167279912190,73,25,1,-16,5,40
16,gamma4,1.0,7,1907564978500022510,609,45,1,16,1,160
16,gamma4,1.0,8,8195409960081545403,162,42,0,12,-16,79
16,gamma4,1.0,9,1185447609952747170,202,60,4,10,-16,91
16,gamma4,1.0,10,4528285284506093016,121,49,0,3,-16,60
16,gamma4,1.0,11,8458942757864201197,396,38,-2,16,8,130
16,gamma4,1.0,12,2707721843246012019,181,39,2,16,1,68
16,gamma4,1.0,13,4016010694275970418,156,26,1,0,16,62
16,gamma4,1.0,14,2028551603124531103,69,29,0,-16,-3,40
16,gamma4,1.0,15,5971834567854311163,403,29,0,16,-3,109
16,gamma4,1.0,16,3862300096452439931,100,38,-2,-8,16,48
16,gamma4,1.0,17,3861156119062960966,482,54,2,-16,6,156
16,gamma4,1.0,18,6414696191889858245,146,38,0,16,12,90
16,gamma4,1.0,19,2697030003086828235,634,40,0,-10,-16,149
16,gamma4,1.0,20,7667124166888713545,226,52,-2,16,12,84
16,gamma4,1.0,21,3196633995422439583,388,72,-2,12,16,168
16,gamma4,1.0,22,4989730579016606460,441,81,-3,-9,16,125
16,gamma4,1.0,23,1697350340459895533,664,70,2,16,4,200
16,gamma4,1.0,24,7409765355556369294,187,41,0,16,1,80
16,gamma4,1.0,25,8538975279688523561,95,31,-1,7,-16,47
16,gamma4,1.0,26,483006533264994523,568,42,-1,16,0,159
16,gamma4,1.0,27,6739142982857570851,234,46,-3,2,-16,81
16,gamma4,1.0,28,2048751746643845133,82,28,1,6,-16,42
16,gamma4,1.0,29,3945215172754432920,361,33,0,16,-13,118
16,gamma4,1.0,30,8870643778862389203,624,34,-1,-10,16,128
16,gamma4,1.0,31,177774646589757799,590,28,-1,-16,4,161
16,gamma4,1.0,32,3745891181776584130,152,44,-1,16,-6,72
16,gamma4,1.0,33,7149450649277900279,427,39,-1,-16,5,139
16,gamma4,1.0,34,2045909760754669415,433,47,1,-11,16,141
16,gamma4,1.0,35,4777828808262354301,214,56,0,-4,16,95
16,gamma4,1.0,36,973398824765259564,459,69,-2,-3,-16,174
16,gamma4,1.0,37,5850391557334629780,419,25,-1,16,-1,148
16,gamma4,1.0,38,4154052030836131160,450,42,-1,10,-16,119
16,gamma4,1.0,39,5767813868469242678,499,41,2,-1,-16,98
16,gamma4,1.0,40,2480897851219232153,666,30,1,-16,0,159
16,gamma4,1.0,41,3934047680670792808,482,30,-1,0,-16,155
16,gamma4,1.0,42,5125854545254025564,107,35,1,16,-13,60
16,gamma4,1.0,43,4162845835735544198,82,38,-1,-8,16,49
16,gamma4,1.0,44,1393873251307451672,604,44,-1,-16,12,121
16,gamma4,1.0,45,4923618130830311244,105,37,1,-16,-5,50
16,gamma4,1.0,46,512462446085458674,218,48,-2,-16,-10,107
16,gamma4,1.0,47,518726496218263091,577,47,0,16,-13,188
16,gamma4,1.0,48,2066263649988832663,657,67,-3,-16,-5,215
16,gamma4,1.0,49,5155894032110410191,654,36,-1,-12,-16,218
16,gamma4,1.0,50,99473504016820269,208,40,2,16,-12,80
16,gamma4,1.0,51,6581183149955152098,58,26,1,-6,-16,31
16,gamma4,1.0,52,4668220031238338311,222,46,1,-4,16,73
16,gamma4,1.0,53,3975120912573516763,101,31,-1,16,-3,50
16,gamma4,1.0,54,7158672467399175917,228,32,2,4,16,69
16,gamma4,1.0,55,7590717573057413433,182,54,-1,16,-10,85
16,gamma4,1.0,56,7467834968188468846,333,33,0,16,-7,95
16,gamma4,1.0,57,9148691002934468667,318,28,-1,16,2,83
16,gamma4,1.0,58,1266466941803270248,482,34,-3,-16,2,105
16,gamma4,1.0,59,5186523639949161331,438,38,1,16,-2,131
16,gamma4,1.0,60,1747705973718410539,330,44,0,16,2,128
16,gamma4,1.0,61,3629350473005683099,175,33,-2,-16,-9,72
16,gamma4,1.0,62,4086881132060842742,293,45,-1,-16,9,112
16,gamma4,1.0,63,459966443699737703,344,34,2,2,-16,89
16,gamma4,1.0,64,8862792559518358139,409,59,2,16,-9,136
16,gamma4,1.0,65,4731985252829049896,354,44,-1,8,16,100
16,gamma4,1.0,66,4875096294297704155,551,43,1,-16,5,162
16,gamma4,1.0,67,2560016045178759168,89,35,0,5,16,52
16,gamma4,1.0,68,2563587982668988846,3432,36,0,6,16,297
16,gamma4,1.0,69,4086453963942610898,172,46,-4,-16,-8,75
16,gamma4,1.0,70,1224819775003399443,971,27,0,3,-16,170
16,gamma4,1.0,71,4718408308997360604,583,47,-3,-16,-5,132
16,gamma4,1.0,72,3367997777823422750,229,31,1,-16,-7,75
16,gamma4,1.0,73,5094671802783058217,305,71,4,-16,-7,126
16,gamma4,1.0,74,7107502589943139658,173,35,-1,-13,16,76
16,gamma4,1.0,75,7022969160522555733,150,38,1,-8,16,51
16,gamma4,1.0,76,1059966852159809782,133,31,0,-1,16,58
16,gamma4,1.0,77,5345519513313007142,205,35,-1,13,-16,68
16,gamma4,1.0,78,3607456219197245946,464,34,1,16,-2,88
16,gamma4,1.0,79,1806222636862926545,334,36,0,10,-16,94
16,gamma4,1.0,80,5312642028394067400,557,61,1,-16,3,199
16,gamma4,1.0,81,7805212027050071166,190,54,-1,-16,4,77
16,gamma4,1.0,82,1035551518357456883,39,29,-1,16,9,32
16,gamma4,1.0,83,1239658350615462607,324,94,-3,16,4,140
16,gamma4,1.0,84,5553115084331759988,598,32,0,-16,-2,110
16,gamma4,1.0,85,2419243905286416145,215,57,3,-16,-1,91
16,gamma4,1.0,86,5015871958119682244,57,29,0,9,16,36
16,gamma4,1.0,87,3401066643277601076,937,27,-1,-16,1,212
16,gamma4,1.0,88,6811816564697201430,315,25,-1,1,-16,122
16,gamma4,1.0,89,6303561854121913897,421,39,3,16,1,98
16,gamma4,1.0,90,6299446014906251799,207,33,1,-9,16,60
16,gamma4,1.0,91,5725468227753770436,265,31,1,16,1,80
16,gamma4,1.0,92,5534155202201233778,339,55,0,-5,16,135
16,gamma4,1.0,93,1084393239201665265,134,30,1,16,2,53
16,gamma4,1.0,94,9097880451048942025,211,47,0,-16,5,104
16,gamma4,1.0,95,753180423518767685,200,40,0,-2,16,75
16,gamma4,1.0,96,6128775651983400018,387,39,-3,-16,-3,117
16,gamma4,1.0,97,8590704012267625590,232,66,-4,12,-16,100
16,gamma4,1.0,98,359926241178514265,341,41,-1,16,1,142
16,gamma4,1.0,99,7907196531018323464,389,29,1,-16,-7,91
32,gamma4,1.0,0,3426289161587516446,1022,70,1,32,-6,280
32,gamma4,1.0,1,5607065088958402850,1234,88,-1,18,32,329
32,gamma4,1.0,2,3743754638550198044,2352,66,0,32,-4,500
32,gamma4,1.0,3,3555135541488777796,256,94,1,2,32,139
32,gamma4,1.0,4,1061279170174822583,5087,53,0,32,1,915
32,gamma4,1.0,5,3962411734135109263,479,119,3,-32,17,210
32,gamma4,1.0,6,2109679309920831950,971,107,1,32,-7,304
32,gamma4,1.0,7,6244615662538231230,514,124,0,32,20,234
32,gamma4,1.0,8,1689271855581419461,298,76,-4,6,32,141
32,gamma4,1.0,9,8214598616538553899,1290,62,0,10,32,433
32,gamma4,1.0,10,5583062746862466265,942,74,1,16,-32,294
32,gamma4,1.0,11,5352249882464861511,1011,105,2,-19,-32,309
32,gamma4,1.0,12,1424203899963718563,677,97,-1,-32,11,235
32,gamma4,1.0,13,8420115949828521963,299,67,0,32,17,145
32,gamma4,1.0,14,7375809823420181756,465,117,2,-15,-32,206
32,gamma4,1.0,15,3607369576499062719,5119,81,0,32,-5,686
32,gamma4,1.0,16,8152829235704907990,1484,90,0,-32,-6,428
32,gamma4,1.0,17,620271860584909815,669,75,0,32,7,211
32,gamma4,1.0,18,5934486684929188520,1553,157,-3,32,1,404
32,gamma4,1.0,19,1957860598757096454,493,129,0,13,-32,244
32,gamma4,1.0,20,5977442563959639512,3227,133,-1,-32,-19,783
32,gamma4,1.0,21,278597713645811726,946,112,0,32,4,305
32,gamma4,1.0,22,8271928124954588442,1045,141,-2,-9,32,385
32,gamma4,1.0,23,3457463291021811518,891,83,-2,32,-11,272
32,gamma4,1.0,24,4407934996608559034,2033,167,-2,-32,-7,560
32,gamma4,1.0,25,5990975298365624194,950,74,-2,32,20,283
32,gamma4,1.0,26,3737050061625088897,1951,81,-2,-32,-9,467
32,gamma4,1.0,27,8208074536216238723,7858,226,4,32,6,1194
32,gamma4,1.0,28,2804698490252394415,917,97,0,21,32,318
32,gamma4,1.0,29,8687103668141425727,2144,134,-2,32,-6,541
32,gamma4,1.0,30,4733086473086215343,2169,109,4,32,-3,512
32,gamma4,1.0,31,2421854140972401230,991,115,-1,-32,-21,262
32,gamma4,1.0,32,6261409594530970076,2021,101,0,-32,-1,520
32,gamma4,1.0,33,3389899704783482054,969,95,0,19,32,303
32,gamma4,1.0,34,6578591085672044843,3658,90,-1,-32,-4,720
32,gamma4,1.0,35,2239155948659463108,827,117,1,32,-21,258
32,gamma4,1.0,36,1594194591908109569,495,63,1,-32,9,179
32,gamma4,1.0,37,4909890921723123934,2537,85,1,-32,25,484
32,gamma4,1.0,38,3786246965937233769,1955,173,-3,32,1,471
32,gamma4,1.0,39,2878265595304706896,1510,144,-4,8,-32,417
32,gamma4,1.0,40,7347222428669583731,2557,95,0,-9,-32,665
32,gamma4,1.0,41,4118756639805022457,849,89,-2,23,-32,210
32,gamma4,1.0,42,8542654940017843484,2020,82,-1,14,32,411
32,gamma4,1.0,43,6580217907322027862,944,70,-2,-14,32,303
32,gamma4,1.0,44,2088785886124736474,2709,189,1,-23,32,671
32,gamma4,1.0,45,3623336096033032016,1561,85,-1,32,17,288
32,gamma4,1.0,46,4244166942800495413,309,77,1,32,25,142
32,gamma4,1.0,47,2074316381693007123,514,68,1,-10,-32,158
32,gamma4,1.0,48,6819542338092173716,329,93,0,7,-32,149
32,gamma4,1.0,49,3923695429295826440,1354,84,0,14,-32,515
32,gamma4,1.0,50,2265674566085271995,1176,74,0,6,-32,298
32,gamma4,1.0,51,902435848760484625,663,65,1,32,3,177
32,gamma4,1.0,52,1289754945446334212,628,92,0,32,-2,235
32,gamma4,1.0,53,2498150083592315505,1642,120,-3,-18,32,409
32,gamma4,1.0,54,505486457123193150,924,94,0,32,-8,238
32,gamma4,1.0,55,8219216598520486374,1683,109,0,-23,32,512
32,gamma4,1.0,56,8688299056569141345,2055,95,-1,-1,32,550
32,gamma4,1.0,57,8162932471610391602,1234,110,-1,-32,-20,289
32,gamma4,1.0,58,6392854552301032547,1736,100,-1,14,-32,383
32,gamma4,1.0,59,5813681673994526396,1087,125,2,-13,32,356
32,gamma4,1.0,60,7585048156350408072,1849,85,1,-32,23,465
32,gamma4,1.0,61,7479489120544660188,3648,72,0,-32,26,761
32,gamma4,1.0,62,3133494906881959715,306,90,0,10,32,160
32,gamma4,1.0,63,50754972824659393,2426,132,1,10,-32,632
32,gamma4,1.0,64,1589051991759639827,900,80,0,-32,-8,315
32,gamma4,1.0,65,110003790145534557,1325,71,-1,-13,-32,370
32,gamma4,1.0,66,4147259651285071498,1368,98,2,16,32,393
32,gamma4,1.0,67,6826549035287246001,1744,72,1,-12,-32,398
32,gamma4,1.0,68,8179161349447876469,448,100,-1,-10,-32,177
32,gamma4,1.0,69,3277618375627909656,1671,85,1,-32,11,371
32,gamma4,1.0,70,1976745979527977944,871,117,1,-32,-7,255
32,gamma4,1.0,71,2625949222159907413,757,81,-2,32,17,256
32,gamma4,1.0,72,6890801083762403383,2787,99,-2,7,32,687
32,gamma4,1.0,73,6826115470757627071,631,69,-1,-32,3,240
32,gamma4,1.0,74,7388422817355473431,695,77,1,32,-11,261
32,gamma4,1.0,75,1852279249224780157,1287,109,0,-5,-32,350
32,gamma4,1.0,76,6441368652865918921,3023,101,-1,9,-32,764
32,gamma4,1.0,77,3013162238727666448,3918,108,-2,14,-32,560
32,gamma4,1.0,78,4904934113787802948,2252,80,-2,-32,4,509
32,gamma4,1.0,79,1464551998275044986,766,134,1,-4,32,290
32,gamma4,1.0,80,5241481416464800325,1428,96,0,32,-22,421
32,gamma4,1.0,81,1547318355183206805,927,119,0,23,32,354
32,gamma4,1.0,82,2820986382334946328,1604,118,-1,-32,14,404
32,gamma4,1.0,83,8671888554075017623,598,76,-2,0,32,227
32,gamma4,1.0,84,2866741457375821203,1409,101,2,-21,-32,359
32,gamma4,1.0,85,8208238706687736033,2026,108,2,-32,4,519
32,gamma4,1.0,86,7006313843717665250,673,93,-1,-32,-11,240
32,gamma4,1.0,87,7213648821553981164,344,72,0,-10,-32,130
32,gamma4,1.0,88,2216638916419011628,516,84,0,32,-10,192
32,gamma4,1.0,89,5197599455536658817,2028,120,2,-6,32,587
32,gamma4,1.0,90,5975012997361071057,2819,113,0,11,32,660
32,gamma4,1.0,91,6731892815331851989,1456,146,-3,-32,-18,460
32,gamma4,1.0,92,1546455996524583035,2970,80,0,-32,-10,505
32,gamma4,1.0,93,5237930187877245663,439,71,-1,5,-32,174
32,gamma4,1.0,94,8445945992904069756,1474,64,0,-32,2,408
32,gamma4,1.0,95,3973104221539852113,449,101,-1,-32,27,179
32,gamma4,1.0,96,7718942728739255276,605,87,0,32,-1,199
32,gamma4,1.0,97,945219178999451034,420,72,0,-32,-2,133
32,gamma4,1.0,98,4700288991520647289,907,121,0,-32,-1,330
32,gamma4,1.0,99,283392974427518195,3075,111,-2,-25,32,737
64,gamma4,1.0,0,3451965734756988325,2164,210,-1,-64,46,606
64,gamma4,1.0,1,1393674251716667880,7842,174,-1,-64,24,1818
64,gamma4,1.0,2,487668395462743303,9281,425,-5,-13,-64,2306
64,gamma4,1.0,3,9188722238893889124,4674,206,-4,64,18,1080
64,gamma4,1.0,4,417552647082923162,1681,183,2,-1,-64,462
64,gamma4,1.0,5,1154720233008973965,4863,151,-1,-64,-29,1106
64,gamma4,1.0,6,1420378352008236235,3181,349,1,64,45,935
64,gamma4,1.0,7,352812220733615718,1756,132,2,6,-64,470
64,gamma4,1.0,8,3148583956557093547,14410,184,-2,-64,22,3422
64,gamma4,1.0,9,407656092121054862,13128,338,2,64,50,2901
64,gamma4,1.0,10,8161415102177471764,10615,233,3,13,64,1594
64,gamma4,1.0,11,3525955700766108795,6686,392,0,64,-36,1599
64,gamma4,1.0,12,6314752726909388963,2477,139,1,5,64,640
64,gamma4,1.0,13,1348001434743525744,3813,321,-3,-29,64,997
64,gamma4,1.0,14,3161678344995894249,3704,208,-1,64,-18,851
64,gamma4,1.0,15,4438282285123466397,7256,200,-1,-6,64,1744
64,gamma4,1.0,16,733779482488400737,4663,285,0,-1,64,1158
64,gamma4,1.0,17,7655933376003312266,9005,257,-1,-27,-64,1759
64,gamma4,1.0,18,829427643972756675,5197,197,-1,13,-64,1163
64,gamma4,1.0,19,121862341021582362,5797,209,1,64,37,1403
64,gamma4,1.0,20,7484786008513164513,3425,219,1,64,5,968
64,gamma4,1.0,21,532631724223307594,8558,262,-1,-30,64,1992
64,gamma4,1.0,22,3507595556320748814,1954,202,-1,-64,-56,547
64,gamma4,1.0,23,8331245781827504022,7316,260,0,-64,-14,1524
64,gamma4,1.0,24,2157115384189318429,5825,177,-3,7,64,1268
64,gamma4,1.0,25,610951139734861591,8801,281,-2,45,64,1839
64,gamma4,1.0,26,5560090317004474625,2357,199,-1,64,23,719
64,gamma4,1.0,27,341634602594100215,8976,218,0,8,-64,1855
64,gamma4,1.0,28,5093817965319504356,9306,260,-4,-64,-46,1977
64,gamma4,1.0,29,3573988352454985763,4746,276,-1,-50,-64,961
64,gamma4,1.0,30,2031065341924983952,2867,317,-1,-64,57,925
64,gamma4,1.0,31,7062161530873468673,8679,287,-2,-29,-64,2208
64,gamma4,1.0,32,3479880532149759197,2213,123,0,1,-64,606
64,gamma4,1.0,33,6292659547218786231,5716,230,1,-64,22,1116
64,gamma4,1.0,34,1820734154759518770,13722,196,0,64,4,2199
64,gamma4,1.0,35,5823081783530595844,1882,168,1,-64,10,544
64,gamma4,1.0,36,1651474198193760721,7101,203,0,-13,-64,1400
64,gamma4,1.0,37,6850060654573278910,2462,164,2,64,8,787
64,gamma4,1.0,38,2534801604333271369,3799,285,2,64,-37,901
64,gamma4,1.0,39,3091131953630512899,9157,257,0,33,64,1751
64,gamma4,1.0,40,5302230920641991461,6489,315,0,-64,-17,1487
64,gamma4,1.0,41,2583062916903658652,4968,184,0,28,-64,1229
64,gamma4,1.0,42,6730532563923950164,2160,158,0,-30,-64,550
64,gamma4,1.0,43,8784629539903288326,6094,196,-1,-6,64,1283
64,gamma4,1.0,44,7189584690582500390,13138,240,-1,32,-64,2279
64,gamma4,1.0,45,7591456385235891834,3034,190,2,64,-10,797
64,gamma4,1.0,46,6389977332771100522,2594,216,-1,-64,-26,606
64,gamma4,1.0,47,6601479147452271441,6690,336,0,34,64,1428
64,gamma4,1.0,48,3972100052442384016,6432,236,1,-64,24,1395
64,gamma4,1.0,49,8253801762075220861,6194,142,-1,22,64,1249
64,gamma4,1.0,50,6824338651675898667,2111,173,0,64,11,585
64,gamma4,1.0,51,7301970887199099862,1519,183,1,64,-37,506
64,gamma4,1.0,52,8971930919742142945,1919,307,0,64,-5,639
64,gamma4,1.0,53,6956963868416049317,1497,135,1,-64,-21,486
64,gamma4,1.0,54,540838238436717983,3041,159,2,64,-7,700
64,gamma4,1.0,55,5344037471438813550,1302,164,3,-30,-64,407
64,gamma4,1.0,56,4988878303000043538,6896,170,1,-64,14,1266
64,gamma4,1.0,57,4240220548604951825,2743,231,-1,-64,-17,769
64,gamma4,1.0,58,2733523013203510007,10207,251,1,64,31,1960
64,gamma4,1.0,59,1266739023310058345,3473,225,-3,-64,-37,710
64,gamma4,1.0,60,7488724431204221204,8203,247,-3,-64,-21,1478
64,gamma4,1.0,61,2515936191198664501,5153,177,1,-64,-21,1486
64,gamma4,1.0,62,6793546297220204711,3666,350,1,-64,46,1008
64,gamma4,1.0,63,2624305963536918424,4290,182,1,30,-64,768
64,gamma4,1.0,64,443126486865204951,5184,234,1,64,-52,1292
64,gamma4,1.0,65,8730992173540452663,6026,150,-1,18,-64,1079
64,gamma4,1.0,66,2682333719357653831,8217,333,1,37,64,1529
64,gamma4,1.0,67,6764992654988300640,5891,181,0,9,-64,964
64,gamma4,1.0,68,5133393276429944478,8652,152,0,-2,-64,1233
64,gamma4,1.0,69,6881183928690009407,2017,191,0,-64,-19,599
64,gamma4,1.0,70,7005502346057657154,11134,230,2,-26,-64,1871
64,gamma4,1.0,71,3741222366972380830,6549,213,-3,-64,-41,1089
64,gamma4,1.0,72,6445287008664201582,8969,483,-3,64,-25,2198
64,gamma4,1.0,73,1631132734547820467,2166,144,0,64,4,553
64,gamma4,1.0,74,132590972674372248,6078,220,1,20,64,1379
64,gamma4,1.0,75,274262471231862759,9717,625,-2,-64,19,2342
64,gamma4,1.0,76,7370536334525773923,1653,227,1,-45,-64,629
64,gamma4,1.0,77,4051997488585841921,5907,201,0,27,64,1356
64,gamma4,1.0,78,1395899039980884037,4647,277,1,-64,-5,1248
64,gamma4,1.0,79,2910742813620360780,8783,239,0,29,64,1244
64,gamma4,1.0,80,8914378594978494456,3461,221,0,64,25,744
64,gamma4,1.0,81,683070800666890746,3524,262,-2,24,-64,1012
64,gamma4,1.0,82,2039653239979453043,2124,208,1,30,64,673
64,gamma4,1.0,83,4892371759016698734,2347,247,1,13,64,709
64,gamma4,1.0,84,2315381133307389958,2801,235,-1,-64,43,716
64,gamma4,1.0,85,2722065950040651088,10728,262,-1,64,-62,1563
64,gamma4,1.0,86,5459996673273702692,3477,199,2,-64,-29,967
64,gamma4,1.0,87,5722132609033777807,6720,236,1,-64,-40,1593
64,gamma4,1.0,88,3515055200288667725,4154,442,4,-64,-8,1195
64,gamma4,1.0,89,5937211668046444697,3084,192,-2,6,-64,761
64,gamma4,1.0,90,5121136366307690245,7189,423,-3,25,-64,1662
64,gamma4,1.0,91,352439402073667520,4194,424,-1,-36,64,1256
64,gamma4,1.0,92,3503463133638537786,3097,309,1,41,-64,895
64,gamma4,1.0,93,2903436555524919333,3190,148,0,14,64,621
64,gamma4,1.0,94,2481853630969349168,2848,144,1,34,-64,634
64,gamma4,1.0,95,1087502982803149846,782,184,-1,12,-64,327
64,gamma4,1.0,96,5533570192322506165,5618,346,-1,64,4,1459
64,gamma4,1.0,97,4661796542397171474,7361,417,-3,-7,64,1432
64,gamma4,1.0,98,2671683087556828425,1369,161,0,27,64,423
64,gamma4,1.0,99,248073411211240184,2037,253,1,-64,-25,652
