schema_version,code_version,julia_version,task_id,batch_id,distribution,distribution_params,environment_model,model,model_parameter,L,environment_id,walk_id,environment_seed,walk_seed,winding,loop_erased_path_length,raw_walk_length,exit_location,exit_x,exit_y,runtime,sampled_site_count,status,error_type,error_message,started_at_utc,finished_at_utc
batch_v6_julia,2f619b8+source.020484b0bc41,1.12.6,2853,13,beta,"{""a"":0.5}",site_iid,beta,0.5,512,1300,0,18034137533348108968,13536124381003891075,-3,3470,332646,"-434,512",-434,512,0.043505000008735806,34066,ok,,,2026-07-14T19:37:10.416,2026-07-14T19:37:10.460
batch_v6_julia,2f619b8+source.020484b0bc41,1.12.6,2853,13,beta,"{""a"":0.5}",site_iid,beta,0.5,512,1301,0,8015491582932654099,17979968667076839962,-3,3464,151814,"268,-512",268,-512,0.029089000017847866,23025,ok,,,2026-07-14T19:37:10.460,2026-07-14T19:37:10.489
batch_v6_julia,2f619b8+source.020484b0bc41,1.12.6,2853,13,beta,"{""a"":0.5}",site_iid,beta,0.5,512,1302,0,15341103049886411347,7450267056257565299,-3,4071,533501,"-512,457",-512,457,0.08741699997335672,46588,ok,,,2026-07-14T19:37:10.489,2026-07-14T19:37:10.576
batch_v6_julia,2f619b8+source.020484b0bc41,1.12.6,2853,13,beta,"{""a"":0.5}",site_iid,beta,0.5,512,1303,0,13131762419862134610,9275955910096704035,-1,3830,286990,"512,364",512,364,0.04742299998179078,31450,ok,,,2026-07-14T19:37:10.577,2026-07-14T19:37:10.624
batch_v6_julia,2f619b8+source.020484b0bc41,1.12.6,2853,13,beta,"{""a"":0.5}",site_iid,beta,0.5,512,1304,0,9361483501634888738,1142728327311146990,2,2303,49881,"-512,159",-512,159,0.020893999957479537,11230,ok,,,2026-07-14T19:37:10.624,2026-07-14T19:37:10.645
batch_v6_julia,2f619b8+source.020484b0bc41,1.12.6,2853,13,beta,"{""a"":0.5}",site_iid,beta,0.5,512,1305,0,12673472542710828009,6559909503120790008,1,2683,473843,"-95,512",-95,512,0.10961300000781193,41503,ok,,,2026-07-14T19:37:10.645,2026-07-14T19:37:10.755
batch_v6_julia,2f619b8+source.020484b0bc41,1.12.6,2853,13,beta,"{""a"":0.5}",site_iid,beta,0.5,512,1306,0,8990646682798647567,13176060377553585763,1,3539,111805,"-512,-99",-512,-99,0.021554999984800816,18586,ok,,,2026-07-14T19:37:10.755,2026-07-14T19:37:10.776
batch_v6_julia,2f619b8+source.020484b0bc41,1.12.6,2853,13,beta,"{""a"":0.5}",site_iid,beta,0.5,512,1307,0,8363835757826212907,5515568662038507162,1,2150,160178,"182,-512",182,-512,0.031399000028613955,19263,ok,,,2026-07-14T19:37:10.776,2026-07-14T19:37:10.808
batch_v6_julia,2f619b8+source.020484b0bc41,1.12.6,2853,13,beta,"{""a"":0.5}",site_iid,beta,0.5,512,1308,0,12854994086114007747,14065769679984777779,5,4819,489957,"-512,25",-512,25,0.08517800003755838,42973,ok,,,2026-07-14T19:37:10.808,2026-07-14T19:37:10.893
batch_v6_julia,2f619b8+source.020484b0bc41,1.12.6,2853,13,beta,"{""a"":0.5}",site_iid,beta,0.5,512,1309,0,12713829173818295831,16437044991172806273,0,2615,509103,"201,-512",201,-512,0.0797640000237152,40933,ok,,,2026-07-14T19:37:10.893,2026-07-14T19:37:10.973
batch_v6_julia,2f619b8+source.020484b0bc41,1.12.6,2853,13,beta,"{""a"":0.5}",site_iid,beta,0.5,512,1310,0,2483779536530517275,13730686486511868934,-2,3084,511538,"-512,-60",-512,-60,0.14163299999199808,45102,ok,,,2026-07-14T19:37:10.973,2026-07-14T19:37:11.115
batch_v6_julia,2f619b8+source.020484b0bc41,1.12.6,2853,13,beta,"{""a"":0.5}",site_iid,beta,0.5,512,1311,0,12596725977527910235,5270097545712907312,1,2242,271410,"512,-84",512,-84,0.05183700000634417,32513,ok,,,2026-07-14T19:37:11.115,2026-07-14T19:37:11.167
batch_v6_julia,2f619b8+source.020484b0bc41,1.12.6,2853,13,beta,"{""a"":0.5}",site_iid,beta,0.5,512,1312,0,7453431663742313866,9220141374393918176,-2,2431,137779,"-181,-512",-181,-512,0.03588599996874109,20428,ok,,,2026-07-14T19:37:11.167,2026-07-14T19:37:11.203
batch_v6_julia,2f619b8+source.020484b0bc41,1.12.6,2853,13,beta,"{""a"":0.5}",site_iid,beta,0.5,512,1313,0,3696271315795171019,12866797531977448455,1,2428,282552,"106,-512",106,-512,0.0493819999974221,28108,ok,,,2026-07-14T19:37:11.203,2026-07-14T19:37:11.252
batch_v6_julia,2f619b8+source.020484b0bc41,1.12.6,2853,13,beta,"{""a"":0.5}",site_iid,beta,0.5,512,1314,0,15425235319620034853,1095575208712736120,-4,2407,559527,"59,-512",59,-512,0.09940200002165511,40123,ok,,,2026-07-14T19:37:11.252,2026-07-14T19:37:11.352
batch_v6_julia,2f619b8+source.020484b0bc41,1.12.6,2853,13,beta,"{""a"":0.5}",site_iid,beta,0.5,512,1315,0,651555161515755358,1363604403730705934,-1,3419,557679,"512,103",512,103,0.1271759999799542,44834,ok,,,2026-07-14T19:37:11.352,2026-07-14T19:37:11.479
batch_v6_julia,2f619b8+source.020484b0bc41,1.12.6,2853,13,beta,"{""a"":0.5}",site_iid,beta,0.5,512,1316,0,8522158170170001164,16498289771569157232,3,3344,192382,"-420,512",-420,512,0.08243900001980364,26717,ok,,,2026-07-14T19:37:11.479,2026-07-14T19:37:11.561
batch_v6_julia,2f619b8+source.020484b0bc41,1.12.6,2853,13,beta,"{""a"":0.5}",site_iid,beta,0.5,512,1317,0,4500184507405329346,2506953144043095058,-2,2887,411875,"512,-3",512,-3,0.08576099999481812,40848,ok,,,2026-07-14T19:37:11.561,2026-07-14T19:37:11.647
batch_v6_julia,2f619b8+source.020484b0bc41,1.12.6,2853,13,beta,"{""a"":0.5}",site_iid,beta,0.5,512,1318,0,12324254423735715346,236467247432249662,0,4059,305251,"-245,-512",-245,-512,0.07063899998320267,36065,ok,,,2026-07-14T19:37:11.647,2026-07-14T19:37:11.718
batch_v6_julia,2f619b8+source.020484b0bc41,1.12.6,2853,13,beta,"{""a"":0.5}",site_iid,beta,0.5,512,1319,0,8977053566937567788,7106016785064209048,-4,3561,419879,"512,199",512,199,0.08283099997788668,39001,ok,,,2026-07-14T19:37:11.718,2026-07-14T19:37:11.801
batch_v6_julia,2f619b8+source.020484b0bc41,1.12.6,2853,13,beta,"{""a"":0.5}",site_iid,beta,0.5,512,1320,0,7170782488624205975,8515275787204385786,-1,4018,237862,"-512,-134",-512,-134,0.0472159999771975,31479,ok,,,2026-07-14T19:37:11.801,2026-07-14T19:37:11.848
batch_v6_julia,2f619b8+source.020484b0bc41,1.12.6,2853,13,beta,"{""a"":0.5}",site_iid,beta,0.5,512,1321,0,5112024036186364152,3249309570290129232,6,2390,835890,"512,110",512,110,0.19724899996072054,51461,ok,,,2026-07-14T19:37:11.852,2026-07-14T19:37:12.050
batch_v6_julia,2f619b8+source.020484b0bc41,1.12.6,2853,13,beta,"{""a"":0.5}",site_iid,beta,0.5,512,1322,0,14124045748951585634,8974402751241038874,-3,2341,179967,"512,147",512,147,0.0332860000198707,22833,ok,,,2026-07-14T19:37:12.050,2026-07-14T19:37:12.083
batch_v6_julia,2f619b8+source.020484b0bc41,1.12.6,2853,13,beta,"{""a"":0.5}",site_iid,beta,0.5,512,1323,0,18231591297573918268,401098555837191026,-1,2121,96111,"-512,159",-512,159,0.02439599996432662,15942,ok,,,2026-07-14T19:37:12.083,2026-07-14T19:37:12.108
batch_v6_julia,2f619b8+source.020484b0bc41,1.12.6,2853,13,beta,"{""a"":0.5}",site_iid,beta,0.5,512,1324,0,13433821865495053960,15874896068175376406,-2,2039,354591,"29,-512",29,-512,0.06297100003575906,35688,ok,,,2026-07-14T19:37:12.108,2026-07-14T19:37:12.171
batch_v6_julia,2f619b8+source.020484b0bc41,1.12.6,2853,13,beta,"{""a"":0.5}",site_iid,beta,0.5,512,1325,0,11176072576676779269,12456637942720086784,2,3038,1175234,"218,512",218,512,0.16775199997937307,57445,ok,,,2026-07-14T19:37:10.416,2026-07-14T19:37:10.584
batch_v6_julia,2f619b8+source.020484b0bc41,1.12.6,2853,13,beta,"{""a"":0.5}",site_iid,beta,0.5,512,1326,0,3759525417539228877,5093873715284017258,-3,3056,433846,"512,148",512,148,0.0790609999676235,41501,ok,,,2026-07-14T19:37:10.584,2026-07-14T19:37:10.663
batch_v6_julia,2f619b8+source.020484b0bc41,1.12.6,2853,13,beta,"{""a"":0.5}",site_iid,beta,0.5,512,1327,0,10816775453030125388,7194263616222691747,3,2665,587523,"-512,31",-512,31,0.12727799999993294,44399,ok,,,2026-07-14T19:37:10.663,2026-07-14T19:37:10.791
batch_v6_julia,2f619b8+source.020484b0bc41,1.12.6,2853,13,beta,"{""a"":0.5}",site_iid,beta,0.5,512,1328,0,1368249906809976130,16189038973050372020,1,3006,147810,"-342,-512",-342,-512,0.025957999983802438,20627,ok,,,2026-07-14T19:37:10.797,2026-07-14T19:37:10.823
batch_v6_julia,2f619b8+source.020484b0bc41,1.12.6,2853,13,beta,"{""a"":0.5}",site_iid,beta,0.5,512,1329,0,8794145026806371048,15585945943518923516,0,2270,212178,"92,-512",92,-512,0.03837199998088181,28562,ok,,,2026-07-14T19:37:10.823,2026-07-14T19:37:10.861
batch_v6_julia,2f619b8+source.020484b0bc41,1.12.6,2853,13,beta,"{""a"":0.5}",site_iid,beta,0.5,512,1330,0,16719685931064040489,13302554175827755405,-2,2250,458786,"512,-64",512,-64,0.0765479999827221,38997,ok,,,2026-07-14T19:37:10.861,2026-07-14T19:37:10.938
batch_v6_julia,2f619b8+source.020484b0bc41,1.12.6,2853,13,beta,"{""a"":0.5}",site_iid,beta,0.5,512,1331,0,17098394676878660876,5588151012379276553,4,2039,294871,"251,-512",251,-512,0.051383000041823834,31852,ok,,,2026-07-14T19:37:10.938,2026-07-14T19:37:10.989
batch_v6_julia,2f619b8+source.020484b0bc41,1.12.6,2853,13,beta,"{""a"":0.5}",site_iid,beta,0.5,512,1332,0,9249951489837460399,5955069046420617481,-5,6125,325587,"-215,512",-215,512,0.11257699999259785,37821,ok,,,2026-07-14T19:37:10.989,2026-07-14T19:37:11.102
batch_v6_julia,2f619b8+source.020484b0bc41,1.12.6,2853,13,beta,"{""a"":0.5}",site_iid,beta,0.5,512,1333,0,18417309834598712377,9185556626417532422,3,3779,504853,"-51,512",-51,512,0.09747700003208593,43568,ok,,,2026-07-14T19:37:11.102,2026-07-14T19:37:11.200
batch_v6_julia,2f619b8+source.020484b0bc41,1.12.6,2853,13,beta,"{""a"":0.5}",site_iid,beta,0.5,512,1334,0,175188118577836389,11073174289968852619,1,3512,338066,"304,-512",304,-512,0.06601900001987815,35500,ok,,,2026-07-14T19:37:11.200,2026-07-14T19:37:11.266
batch_v6_julia,2f619b8+source.020484b0bc41,1.12.6,2853,13,beta,"{""a"":0.5}",site_iid,beta,0.5,512,1335,0,9504048819971837623,9615769396716793356,-2,4671,416697,"93,512",93,512,0.08820699999341741,41558,ok,,,2026-07-14T19:37:11.266,2026-07-14T19:37:11.354
batch_v6_julia,2f619b8+source.020484b0bc41,1.12.6,2853,13,beta,"{""a"":0.5}",site_iid,beta,0.5,512,1336,0,3604906419604701918,11448228722754457339,4,2840,136480,"-122,512",-122,512,0.03373299998929724,19401,ok,,,2026-07-14T19:37:11.354,2026-07-14T19:37:11.388
batch_v6_julia,2f619b8+source.020484b0bc41,1.12.6,2853,13,beta,"{""a"":0.5}",site_iid,beta,0.5,512,1337,0,14871101007585466438,3856002477284268989,2,2946,610194,"-512,56",-512,56,0.17853600002126768,48941,ok,,,2026-07-14T19:37:11.388,2026-07-14T19:37:11.566
batch_v6_julia,2f619b8+source.020484b0bc41,1.12.6,2853,13,beta,"{""a"":0.5}",site_iid,beta,0.5,512,1338,0,5924573230584705314,10837859193120001124,3,3316,741372,"512,114",512,114,0.1546179999713786,50344,ok,,,2026-07-14T19:37:11.567,2026-07-14T19:37:11.721
batch_v6_julia,2f619b8+source.020484b0bc41,1.12.6,2853,13,beta,"{""a"":0.5}",site_iid,beta,0.5,512,1339,0,3595768840030280198,17372128173025741496,0,6213,526833,"-512,137",-512,137,0.10497200000099838,44992,ok,,,2026-07-14T19:37:11.721,2026-07-14T19:37:11.826
batch_v6_julia,2f619b8+source.020484b0bc41,1.12.6,2853,13,beta,"{""a"":0.5}",site_iid,beta,0.5,512,1340,0,9652025925664533785,16124256913522532233,1,2273,79833,"-512,-33",-512,-33,0.018426999973598868,14093,ok,,,2026-07-14T19:37:11.826,2026-07-14T19:37:11.845
batch_v6_julia,2f619b8+source.020484b0bc41,1.12.6,2853,13,beta,"{""a"":0.5}",site_iid,beta,0.5,512,1341,0,15667105331834549093,1327673691819989078,1,2949,2168257,"-512,-403",-512,-403,0.37265299999853596,61912,ok,,,2026-07-14T19:37:11.845,2026-07-14T19:37:12.218
batch_v6_julia,2f619b8+source.020484b0bc41,1.12.6,2853,13,beta,"{""a"":0.5}",site_iid,beta,0.5,512,1342,0,3951144276869916402,12572472728160533511,-1,2921,290523,"-512,-179",-512,-179,0.0392740000388585,32882,ok,,,2026-07-14T19:37:12.218,2026-07-14T19:37:12.257
batch_v6_julia,2f619b8+source.020484b0bc41,1.12.6,2853,13,beta,"{""a"":0.5}",site_iid,beta,0.5,512,1343,0,13020507957125210951,8336723900525017707,0,2653,529091,"-512,-417",-512,-417,0.06047000002581626,35532,ok,,,2026-07-14T19:37:12.257,2026-07-14T19:37:12.318
batch_v6_julia,2f619b8+source.020484b0bc41,1.12.6,2853,13,beta,"{""a"":0.5}",site_iid,beta,0.5,512,1344,0,4270276528597137381,6031491145727990254,-3,2190,285550,"512,186",512,186,0.04518800001824275,33917,ok,,,2026-07-14T19:37:12.318,2026-07-14T19:37:12.363
batch_v6_julia,2f619b8+source.020484b0bc41,1.12.6,2853,13,beta,"{""a"":0.5}",site_iid,beta,0.5,512,1345,0,9021104617522556102,11738661339023796376,3,3906,269366,"-222,-512",-222,-512,0.03989700000965968,33875,ok,,,2026-07-14T19:37:12.363,2026-07-14T19:37:12.403
batch_v6_julia,2f619b8+source.020484b0bc41,1.12.6,2853,13,beta,"{""a"":0.5}",site_iid,beta,0.5,512,1346,0,12185078611716057280,6134078778560082271,0,2928,313674,"206,512",206,512,0.040899000014178455,33770,ok,,,2026-07-14T19:37:12.403,2026-07-14T19:37:12.444
batch_v6_julia,2f619b8+source.020484b0bc41,1.12.6,2853,13,beta,"{""a"":0.5}",site_iid,beta,0.5,512,1347,0,6253414146981632314,17151925424235303958,-1,3526,223610,"432,512",432,512,0.03522399999201298,27205,ok,,,2026-07-14T19:37:12.444,2026-07-14T19:37:12.479
batch_v6_julia,2f619b8+source.020484b0bc41,1.12.6,2853,13,beta,"{""a"":0.5}",site_iid,beta,0.5,512,1348,0,15578859688820371170,15356721451519709883,-1,4123,298773,"512,-159",512,-159,0.03911000001244247,34610,ok,,,2026-07-14T19:37:12.479,2026-07-14T19:37:12.518
batch_v6_julia,2f619b8+source.020484b0bc41,1.12.6,2853,13,beta,"{""a"":0.5}",site_iid,beta,0.5,512,1349,0,8975995600513584364,5099066690665267042,-1,2437,442657,"-512,-91",-512,-91,0.05450499994913116,40847,ok,,,2026-07-14T19:37:12.518,2026-07-14T19:37:12.573
batch_v6_julia,2f619b8+source.020484b0bc41,1.12.6,2853,13,beta,"{""a"":0.5}",site_iid,beta,0.5,512,1350,0,1867957891059621240,13772494348870408370,-1,2148,88676,"-512,90",-512,90,0.016781000012997538,14544,ok,,,2026-07-14T19:37:10.416,2026-07-14T19:37:10.433
batch_v6_julia,2f619b8+source.020484b0bc41,1.12.6,2853,13,beta,"{""a"":0.5}",site_iid,beta,0.5,512,1351,0,10311762354254734477,1682222883722909619,0,3073,252671,"-512,-217",-512,-217,0.04078300000401214,30002,ok,,,2026-07-14T19:37:10.433,2026-07-14T19:37:10.474
batch_v6_julia,2f619b8+source.020484b0bc41,1.12.6,2853,13,beta,"{""a"":0.5}",site_iid,beta,0.5,512,1352,0,5931575210333489778,16492411217679903486,-3,2631,568753,"512,9",512,9,0.0768709999974817,45057,ok,,,2026-07-14T19:37:10.474,2026-07-14T19:37:10.551
batch_v6_julia,2f619b8+source.020484b0bc41,1.12.6,2853,13,beta,"{""a"":0.5}",site_iid,beta,0.5,512,1353,0,4105729442627319155,4314383906202873738,0,2713,679155,"-512,253",-512,253,0.10664999997243285,44959,ok,,,2026-07-14T19:37:10.551,2026-07-14T19:37:10.658
batch_v6_julia,2f619b8+source.020484b0bc41,1.12.6,2853,13,beta,"{""a"":0.5}",site_iid,beta,0.5,512,1354,0,11645796318694532447,16318206258774169754,3,2483,742755,"-207,-512",-207,-512,0.14982300001429394,48348,ok,,,2026-07-14T19:37:10.658,2026-07-14T19:37:10.808
batch_v6_julia,2f619b8+source.020484b0bc41,1.12.6,2853,13,beta,"{""a"":0.5}",site_iid,beta,0.5,512,1355,0,937836115422942581,1188450336988617435,3,3697,303003,"137,-512",137,-512,0.0532670000102371,34742,ok,,,2026-07-14T19:37:10.808,2026-07-14T19:37:10.861
batch_v6_julia,2f619b8+source.020484b0bc41,1.12.6,2853,13,beta,"{""a"":0.5}",site_iid,beta,0.5,512,1356,0,17297048829915837836,4895986102248861198,1,6164,370990,"202,-512",202,-512,0.07368800003314391,42080,ok,,,2026-07-14T19:37:10.861,2026-07-14T19:37:10.935
batch_v6_julia,2f619b8+source.020484b0bc41,1.12.6,2853,13,beta,"{""a"":0.5}",site_iid,beta,0.5,512,1357,0,14976066584673073891,13392052163819406454,2,5163,338421,"-239,512",-239,512,0.06216499995207414,37614,ok,,,2026-07-14T19:37:10.935,2026-07-14T19:37:10.997
batch_v6_julia,2f619b8+source.020484b0bc41,1.12.6,2853,13,beta,"{""a"":0.5}",site_iid,beta,0.5,512,1358,0,6574536725470477484,11306181693379972961,2,4315,227839,"-512,-427",-512,-427,0.0394910000031814,29106,ok,,,2026-07-14T19:37:11.009,2026-07-14T19:37:11.048
batch_v6_julia,2f619b8+source.020484b0bc41,1.12.6,2853,13,beta,"{""a"":0.5}",site_iid,beta,0.5,512,1359,0,8220755344005494125,12381931723404353435,-1,2506,324526,"512,354",512,354,0.10392500000307336,34128,ok,,,2026-07-14T19:37:11.048,2026-07-14T19:37:11.152
batch_v6_julia,2f619b8+source.020484b0bc41,1.12.6,2853,13,beta,"{""a"":0.5}",site_iid,beta,0.5,512,1360,0,3969234933029888236,6952326172366134804,-1,3617,156943,"-131,-512",-131,-512,0.03294900001492351,23008,ok,,,2026-07-14T19:37:11.152,2026-07-14T19:37:11.185
batch_v6_julia,2f619b8+source.020484b0bc41,1.12.6,2853,13,beta,"{""a"":0.5}",site_iid,beta,0.5,512,1361,0,8385978787756593245,4498413077110889354,-1,2512,114122,"512,110",512,110,0.02804799994919449,17245,ok,,,2026-07-14T19:37:11.185,2026-07-14T19:37:11.213
batch_v6_julia,2f619b8+source.020484b0bc41,1.12.6,2853,13,beta,"{""a"":0.5}",site_iid,beta,0.5,512,1362,0,13021781600674095610,9840741722996973601,-5,3770,475592,"-88,512",-88,512,0.08447900001192465,39754,ok,,,2026-07-14T19:37:11.213,2026-07-14T19:37:11.298
batch_v6_julia,2f619b8+source.020484b0bc41,1.12.6,2853,13,beta,"{""a"":0.5}",site_iid,beta,0.5,512,1363,0,3344923309965073699,6993556344222326737,0,3300,354564,"164,-512",164,-512,0.06762500002514571,36264,ok,,,2026-07-14T19:37:11.305,2026-07-14T19:37:11.373
batch_v6_julia,2f619b8+source.020484b0bc41,1.12.6,2853,13,beta,"{""a"":0.5}",site_iid,beta,0.5,512,1364,0,16603072849084836765,16799531086144151819,0,2365,345467,"67,512",67,512,0.07189700001617894,36330,ok,,,2026-07-14T19:37:11.373,2026-07-14T19:37:11.445
batch_v6_julia,2f619b8+source.020484b0bc41,1.12.6,2853,13,beta,"{""a"":0.5}",site_iid,beta,0.5,512,1365,0,4303388001750224511,14896443792357545421,0,3143,580987,"-131,-512",-131,-512,0.1705669999937527,45014,ok,,,2026-07-14T19:37:11.445,2026-07-14T19:37:11.616
batch_v6_julia,2f619b8+source.020484b0bc41,1.12.6,2853,13,beta,"{""a"":0.5}",site_iid,beta,0.5,512,1366,0,14589510935242450267,15305287465032438763,2,4817,299287,"-512,159",-512,159,0.07637699996121228,36132,ok,,,2026-07-14T19:37:11.616,2026-07-14T19:37:11.692
batch_v6_julia,2f619b8+source.020484b0bc41,1.12.6,2853,13,beta,"{""a"":0.5}",site_iid,beta,0.5,512,1367,0,1982724021006440315,11138047585380728071,0,1939,167383,"165,-512",165,-512,0.029244999983347952,20449,ok,,,2026-07-14T19:37:11.692,2026-07-14T19:37:11.722
batch_v6_julia,2f619b8+source.020484b0bc41,1.12.6,2853,13,beta,"{""a"":0.5}",site_iid,beta,0.5,512,1368,0,725168963613546936,3853040905295301865,1,2900,208648,"-82,-512",-82,-512,0.038306000002194196,23606,ok,,,2026-07-14T19:37:11.722,2026-07-14T19:37:11.760
batch_v6_julia,2f619b8+source.020484b0bc41,1.12.6,2853,13,beta,"{""a"":0.5}",site_iid,beta,0.5,512,1369,0,13069828685609803622,8648950671914384292,0,2208,146332,"-512,-150",-512,-150,0.033739999984391034,19166,ok,,,2026-07-14T19:37:11.760,2026-07-14T19:37:11.794
batch_v6_julia,2f619b8+source.020484b0bc41,1.12.6,2853,13,beta,"{""a"":0.5}",site_iid,beta,0.5,512,1370,0,4309004709482014630,13296028654250983519,-3,3428,178670,"512,-330",512,-330,0.03365900000790134,25178,ok,,,2026-07-14T19:37:11.794,2026-07-14T19:37:11.828
batch_v6_julia,2f619b8+source.020484b0bc41,1.12.6,2853,13,beta,"{""a"":0.5}",site_iid,beta,0.5,512,1371,0,12920688850682974555,13363203900388219433,0,2409,663785,"369,-512",369,-512,0.11990900000091642,42147,ok,,,2026-07-14T19:37:11.828,2026-07-14T19:37:11.948
batch_v6_julia,2f619b8+source.020484b0bc41,1.12.6,2853,13,beta,"{""a"":0.5}",site_iid,beta,0.5,512,1372,0,732173935956739737,9238711985285822233,3,3737,206033,"-203,-512",-203,-512,0.07939999998779967,27602,ok,,,2026-07-14T19:37:11.948,2026-07-14T19:37:12.027
batch_v6_julia,2f619b8+source.020484b0bc41,1.12.6,2853,13,beta,"{""a"":0.5}",site_iid,beta,0.5,512,1373,0,17976642588795786320,7992922187566958273,0,2343,236327,"512,-7",512,-7,0.04047000000718981,25924,ok,,,2026-07-14T19:37:12.027,2026-07-14T19:37:12.068
batch_v6_julia,2f619b8+source.020484b0bc41,1.12.6,2853,13,beta,"{""a"":0.5}",site_iid,beta,0.5,512,1374,0,2331422316745946504,353582331029665770,3,3783,614677,"-19,512",-19,512,0.10765999997965991,48631,ok,,,2026-07-14T19:37:12.068,2026-07-14T19:37:12.175
batch_v6_julia,2f619b8+source.020484b0bc41,1.12.6,2853,13,beta,"{""a"":0.5}",site_iid,beta,0.5,512,1375,0,5872128936041763991,314484693607224949,0,2475,337161,"-512,167",-512,167,0.05271900002844632,38584,ok,,,2026-07-14T19:37:10.416,2026-07-14T19:37:10.469
batch_v6_julia,2f619b8+source.020484b0bc41,1.12.6,2853,13,beta,"{""a"":0.5}",site_iid,beta,0.5,512,1376,0,13399051506414732485,10219145145285284504,-1,2745,234459,"512,181",512,181,0.03878699999768287,30836,ok,,,2026-07-14T19:37:10.469,2026-07-14T19:37:10.508
batch_v6_julia,2f619b8+source.020484b0bc41,1.12.6,2853,13,beta,"{""a"":0.5}",site_iid,beta,0.5,512,1377,0,57282935278081968,396972852767157382,0,2375,204889,"512,47",512,47,0.03600699995877221,27645,ok,,,2026-07-14T19:37:10.508,2026-07-14T19:37:10.544
batch_v6_julia,2f619b8+source.020484b0bc41,1.12.6,2853,13,beta,"{""a"":0.5}",site_iid,beta,0.5,512,1378,0,6752139601048653926,9770368443675329738,0,5188,453780,"-512,-68",-512,-68,0.07832600001711398,43333,ok,,,2026-07-14T19:37:10.544,2026-07-14T19:37:10.622
batch_v6_julia,2f619b8+source.020484b0bc41,1.12.6,2853,13,beta,"{""a"":0.5}",site_iid,beta,0.5,512,1379,0,13513654078965542508,17923604874278178313,-3,5074,321388,"-512,348",-512,348,0.10122000001138076,36876,ok,,,2026-07-14T19:37:10.622,2026-07-14T19:37:10.724
batch_v6_julia,2f619b8+source.020484b0bc41,1.12.6,2853,13,beta,"{""a"":0.5}",site_iid,beta,0.5,512,1380,0,15630597439344143740,9663762635756056282,1,3285,314893,"-45,-512",-45,-512,0.05200600001262501,33926,ok,,,2026-07-14T19:37:10.724,2026-07-14T19:37:10.776
batch_v6_julia,2f619b8+source.020484b0bc41,1.12.6,2853,13,beta,"{""a"":0.5}",site_iid,beta,0.5,512,1381,0,2024230996831981843,14873390115599411321,-2,3539,136033,"109,-512",109,-512,0.030651000037323684,20596,ok,,,2026-07-14T19:37:10.776,2026-07-14T19:37:10.807
batch_v6_julia,2f619b8+source.020484b0bc41,1.12.6,2853,13,beta,"{""a"":0.5}",site_iid,beta,0.5,512,1382,0,4258974461359776525,13661555240922757806,0,5032,204376,"512,20",512,20,0.03794200002448633,27646,ok,,,2026-07-14T19:37:10.807,2026-07-14T19:37:10.845
batch_v6_julia,2f619b8+source.020484b0bc41,1.12.6,2853,13,beta,"{""a"":0.5}",site_iid,beta,0.5,512,1383,0,11161923701023008375,2345381532495423878,3,2428,541390,"-224,-512",-224,-512,0.09157299995422363,45785,ok,,,2026-07-14T19:37:10.845,2026-07-14T19:37:10.936
batch_v6_julia,2f619b8+source.020484b0bc41,1.12.6,2853,13,beta,"{""a"":0.5}",site_iid,beta,0.5,512,1384,0,11939406318368494945,9985554030397122864,1,3638,216322,"218,512",218,512,0.04038099996978417,26922,ok,,,2026-07-14T19:37:10.936,2026-07-14T19:37:10.977
batch_v6_julia,2f619b8+source.020484b0bc41,1.12.6,2853,13,beta,"{""a"":0.5}",site_iid,beta,0.5,512,1385,0,2161839160016142589,5192168549526640675,3,3473,244397,"163,-512",163,-512,0.054214000003412366,32488,ok,,,2026-07-14T19:37:10.977,2026-07-14T19:37:11.031
batch_v6_julia,2f619b8+source.020484b0bc41,1.12.6,2853,13,beta,"{""a"":0.5}",site_iid,beta,0.5,512,1386,0,14330519109320966200,18070951795365579853,-1,3059,254381,"263,512",263,512,0.09256899997126311,32436,ok,,,2026-07-14T19:37:11.031,2026-07-14T19:37:11.124
batch_v6_julia,2f619b8+source.020484b0bc41,1.12.6,2853,13,beta,"{""a"":0.5}",site_iid,beta,0.5,512,1387,0,13134161512441344062,1673077275722691280,1,2379,234019,"-125,512",-125,512,0.043972000014036894,29153,ok,,,2026-07-14T19:37:11.124,2026-07-14T19:37:11.168
batch_v6_julia,2f619b8+source.020484b0bc41,1.12.6,2853,13,beta,"{""a"":0.5}",site_iid,beta,0.5,512,1388,0,3071337581522065430,6975212601742471268,0,2503,454631,"512,445",512,445,0.09344600001350045,41810,ok,,,2026-07-14T19:37:11.168,2026-07-14T19:37:11.261
batch_v6_julia,2f619b8+source.020484b0bc41,1.12.6,2853,13,beta,"{""a"":0.5}",site_iid,beta,0.5,512,1389,0,12594790762503647873,10936589744214490052,-3,3174,339294,"464,512",464,512,0.06904400000348687,34826,ok,,,2026-07-14T19:37:11.261,2026-07-14T19:37:11.330
batch_v6_julia,2f619b8+source.020484b0bc41,1.12.6,2853,13,beta,"{""a"":0.5}",site_iid,beta,0.5,512,1390,0,15412486473567491192,9002239278895696009,-2,2617,171795,"-512,-11",-512,-11,0.03516600001603365,23073,ok,,,2026-07-14T19:37:11.331,2026-07-14T19:37:11.366
batch_v6_julia,2f619b8+source.020484b0bc41,1.12.6,2853,13,beta,"{""a"":0.5}",site_iid,beta,0.5,512,1391,0,2558363218804917177,6294675204288335065,0,3086,823178,"-512,-92",-512,-92,0.20943200000328943,52809,ok,,,2026-07-14T19:37:11.366,2026-07-14T19:37:11.575
batch_v6_julia,2f619b8+source.020484b0bc41,1.12.6,2853,13,beta,"{""a"":0.5}",site_iid,beta,0.5,512,1392,0,10798594041170715188,4069321358283886242,-2,2717,163377,"-233,-512",-233,-512,0.03766200004611164,23939,ok,,,2026-07-14T19:37:11.575,2026-07-14T19:37:11.613
batch_v6_julia,2f619b8+source.020484b0bc41,1.12.6,2853,13,beta,"{""a"":0.5}",site_iid,beta,0.5,512,1393,0,10919537251555285812,16730526859367374305,1,3408,268126,"512,-2",512,-2,0.07301500003086403,33035,ok,,,2026-07-14T19:37:11.613,2026-07-14T19:37:11.686
batch_v6_julia,2f619b8+source.020484b0bc41,1.12.6,2853,13,beta,"{""a"":0.5}",site_iid,beta,0.5,512,1394,0,15471793678332121905,7991630954069267140,4,3846,568234,"-134,512",-134,512,0.10415299999294803,40985,ok,,,2026-07-14T19:37:11.686,2026-07-14T19:37:11.790
batch_v6_julia,2f619b8+source.020484b0bc41,1.12.6,2853,13,beta,"{""a"":0.5}",site_iid,beta,0.5,512,1395,0,12219131470120902778,12588925295086089681,-1,4072,498776,"258,-512",258,-512,0.0953700000536628,43115,ok,,,2026-07-14T19:37:11.791,2026-07-14T19:37:11.886
batch_v6_julia,2f619b8+source.020484b0bc41,1.12.6,2853,13,beta,"{""a"":0.5}",site_iid,beta,0.5,512,1396,0,1565932274745770397,5800420671076926533,3,3718,229856,"512,-158",512,-158,0.06276900001103058,29307,ok,,,2026-07-14T19:37:11.886,2026-07-14T19:37:11.949
batch_v6_julia,2f619b8+source.020484b0bc41,1.12.6,2853,13,beta,"{""a"":0.5}",site_iid,beta,0.5,512,1397,0,2562710767485475397,8111744005590061619,-1,2415,161203,"512,-167",512,-167,0.031704000022727996,23341,ok,,,2026-07-14T19:37:11.949,2026-07-14T19:37:11.981
batch_v6_julia,2f619b8+source.020484b0bc41,1.12.6,2853,13,beta,"{""a"":0.5}",site_iid,beta,0.5,512,1398,0,1619025594485888242,10039857616015895192,1,2072,182214,"512,154",512,154,0.07597599999280646,27276,ok,,,2026-07-14T19:37:11.981,2026-07-14T19:37:12.057
batch_v6_julia,2f619b8+source.020484b0bc41,1.12.6,2853,13,beta,"{""a"":0.5}",site_iid,beta,0.5,512,1399,0,5836107099727679791,10727452650184114228,1,4407,294039,"113,512",113,512,0.05716500000562519,34200,ok,,,2026-07-14T19:37:12.057,2026-07-14T19:37:12.114
